cnf,solution,abcdsat-2015,berkmin-2003,boehm1-1992,chaff-2001,cryptominisat-2010,glucose-2011,glucose-2012,grasp-1997,kissat-2020,kissat-mab-2021,kissat-mab-hywalk-2022,limmat-2002,lingeling-2013,lingeling-2014,maple-comsps-drup-2016,maple-lcm-disc-cb-dl-v3-2019,maple-lcm-dist-2017,maple-lcm-dist-cb-2018,minisat-2006,minisat-2008,precosat-2009,rsat-2007,satelite-gti-2005,zchaff-2004
001-80-12-sc2014,SATISFIABLE,1045.90,FAILED,FAILED,FAILED,3024.70,1684.72,952.15,FAILED,2036.38,3012.27,3018.59,589.56,FAILED,FAILED,976.25,796.90,715.73,1282.75,FAILED,FAILED,FAILED,FAILED,FAILED,FAILED
002-80-8-sc2014,SATISFIABLE,548.51,FAILED,FAILED,FAILED,1656.44,679.44,878.80,FAILED,1492.05,1427.89,1415.27,FAILED,FAILED,FAILED,529.67,375.64,801.18,754.52,FAILED,FAILED,FAILED,FAILED,FAILED,FAILED
002-sc2013,SATISFIABLE,FAILED,FAILED,FAILED,FAILED,FAILED,FAILED,FAILED,FAILED,FAILED,198.97,207.42,FAILED,FAILED,FAILED,1222.57,FAILED,FAILED,1843.61,77.22,2842.91,FAILED,FAILED,1148.94,FAILED
003-sc2013,SATISFIABLE,FAILED,FAILED,FAILED,FAILED,FAILED,FAILED,FAILED,FAILED,FAILED,1882.09,1891.10,FAILED,FAILED,FAILED,FAILED,FAILED,FAILED,138.57,FAILED,FAILED,FAILED,FAILED,1557.74,FAILED
004-22-160-sc2014,SATISFIABLE,FAILED,FAILED,FAILED,FAILED,FAILED,FAILED,FAILED,FAILED,1910.04,253.08,265.13,FAILED,FAILED,775.71,FAILED,FAILED,2147.08,FAILED,974.98,FAILED,FAILED,FAILED,FAILED,FAILED
004-80-8-sc2014,SATISFIABLE,384.52,FAILED,FAILED,FAILED,2210.91,882.12,288.68,FAILED,1680.15,695.36,703.21,FAILED,FAILED,FAILED,527.10,761.85,488.95,723.91,FAILED,FAILED,FAILED,FAILED,FAILED,FAILED
004-sc2013,SATISFIABLE,FAILED,FAILED,FAILED,FAILED,FAILED,FAILED,FAILED,FAILED,669.51,317.37,328.95,FAILED,3173.37,2855.28,645.45,FAILED,559.45,715.42,FAILED,1841.11,FAILED,FAILED,2046.79,FAILED
006-23-96-sc2014,UNKNOWN,FAILED,FAILED,FAILED,FAILED,FAILED,FAILED,FAILED,FAILED,FAILED,FAILED,FAILED,FAILED,FAILED,FAILED,FAILED,FAILED,FAILED,FAILED,FAILED,FAILED,FAILED,FAILED,FAILED,FAILED
007-sc2013,SATISFIABLE,FAILED,FAILED,FAILED,FAILED,FAILED,FAILED,FAILED,FAILED,2354.89,FAILED,FAILED,FAILED,FAILED,FAILED,1121.54,2235.99,407.58,FAILED,FAILED,FAILED,FAILED,FAILED,FAILED,FAILED
008-80-8-sc2014,SATISFIABLE,719.41,FAILED,FAILED,FAILED,2211.12,579.60,888.59,FAILED,1008.49,2295.51,2304.74,97.18,FAILED,2606.10,789.38,360.67,389.26,812.10,FAILED,2224.10,FAILED,FAILED,FAILED,FAILED
11pipe_11_ooo-sc2011,UNSATISFIABLE,FAILED,FAILED,FAILED,FAILED,FAILED,FAILED,FAILED,FAILED,3042.01,3551.81,3450.41,FAILED,FAILED,FAILED,FAILED,FAILED,4298.06,4733.82,FAILED,FAILED,3921.75,FAILED,FAILED,FAILED
20180322_164224543_p_cnf_320_1120-sc2018,SATISFIABLE,FAILED,FAILED,FAILED,FAILED,FAILED,FAILED,FAILED,FAILED,316.84,18.10,18.87,FAILED,FAILED,FAILED,FAILED,FAILED,FAILED,FAILED,FAILED,FAILED,FAILED,FAILED,FAILED,FAILED
20180326_095804936_p_cnf_320_1120-sc2018,SATISFIABLE,FAILED,FAILED,391.38,FAILED,FAILED,FAILED,FAILED,FAILED,4.58,4.87,4.92,FAILED,FAILED,FAILED,FAILED,FAILED,1045.83,1107.71,FAILED,2226.98,FAILED,FAILED,FAILED,FAILED
24.4-sc2017,UNKNOWN,FAILED,FAILED,FAILED,FAILED,FAILED,FAILED,FAILED,FAILED,FAILED,FAILED,FAILED,FAILED,FAILED,FAILED,FAILED,FAILED,FAILED,FAILED,FAILED,FAILED,FAILED,FAILED,FAILED,FAILED
26_stack_cas_longest_true-unreach-call.i-cbmc-u2-sc2016,SATISFIABLE,91.16,2834.24,FAILED,FAILED,FAILED,36.22,36.04,FAILED,60.77,65.80,69.11,FAILED,258.24,FAILED,1830.94,3243.11,4811.68,4781.95,46.94,1767.34,FAILED,FAILED,FAILED,FAILED
289-unsat-21x14-sc2011,UNKNOWN,FAILED,FAILED,FAILED,FAILED,FAILED,FAILED,FAILED,FAILED,FAILED,FAILED,FAILED,FAILED,FAILED,FAILED,FAILED,FAILED,FAILED,FAILED,FAILED,FAILED,FAILED,FAILED,FAILED,FAILED
58bits_13.dimacs-sr2015,SATISFIABLE,FAILED,FAILED,FAILED,FAILED,FAILED,FAILED,FAILED,FAILED,FAILED,FAILED,FAILED,FAILED,FAILED,FAILED,FAILED,FAILED,1556.25,FAILED,FAILED,FAILED,FAILED,FAILED,FAILED,FAILED
6-4-6-sc2018,SATISFIABLE,FAILED,FAILED,FAILED,FAILED,FAILED,FAILED,FAILED,FAILED,2163.90,FAILED,FAILED,FAILED,FAILED,FAILED,FAILED,FAILED,FAILED,FAILED,FAILED,FAILED,FAILED,FAILED,FAILED,FAILED
62bits_14.dimacs-sr2015,UNKNOWN,FAILED,FAILED,FAILED,FAILED,FAILED,FAILED,FAILED,FAILED,FAILED,FAILED,FAILED,FAILED,FAILED,FAILED,FAILED,FAILED,FAILED,FAILED,FAILED,FAILED,FAILED,FAILED,FAILED,FAILED
6s126-opt-sc2014,UNSATISFIABLE,FAILED,FAILED,FAILED,FAILED,FAILED,FAILED,FAILED,FAILED,1854.58,443.52,437.67,FAILED,1632.56,FAILED,FAILED,FAILED,FAILED,FAILED,FAILED,FAILED,FAILED,FAILED,FAILED,FAILED
6s133-sc2014,UNSATISFIABLE,6.09,FAILED,FAILED,FAILED,632.78,708.09,373.54,FAILED,229.17,318.16,345.38,FAILED,0.65,0.65,2667.03,252.16,2685.88,2683.84,FAILED,FAILED,4362.66,FAILED,FAILED,FAILED
6s139-sc2013,UNSATISFIABLE,2591.41,FAILED,FAILED,FAILED,FAILED,2833.13,2828.79,FAILED,1472.84,2115.84,2057.23,FAILED,4902.73,3990.91,3105.21,4444.21,3250.64,3498.78,FAILED,2326.48,FAILED,FAILED,FAILED,FAILED
6s166-sc2013,UNSATISFIABLE,490.83,FAILED,FAILED,FAILED,4405.65,FAILED,274.99,FAILED,60.24,54.65,46.32,FAILED,FAILED,FAILED,2812.75,46.57,2580.63,2576.19,FAILED,FAILED,FAILED,FAILED,FAILED,FAILED
6s169-opt-sc2014,UNSATISFIABLE,761.76,FAILED,FAILED,FAILED,FAILED,4719.55,331.90,FAILED,4.59,4.30,5.81,FAILED,FAILED,FAILED,2703.43,175.26,2647.70,2749.81,FAILED,1597.39,FAILED,FAILED,FAILED,FAILED
6s20-sc2013,UNSATISFIABLE,2798.11,FAILED,FAILED,FAILED,4430.81,3490.83,2733.48,FAILED,807.48,972.87,939.23,FAILED,FAILED,3685.07,3515.21,914.68,2478.19,2363.37,FAILED,FAILED,FAILED,FAILED,FAILED,FAILED
9_50-sc2017,SATISFIABLE,1504.70,481.39,FAILED,FAILED,FAILED,4134.26,761.72,FAILED,302.37,225.59,1109.31,FAILED,2296.28,FAILED,2971.95,357.50,2817.21,2038.96,FAILED,FAILED,1389.97,FAILED,FAILED,FAILED
9dlx_vliw_at_b_iq8-sc2007,UNSATISFIABLE,2576.90,FAILED,FAILED,FAILED,4135.52,3393.72,2832.13,FAILED,1038.75,1312.43,1301.83,FAILED,3788.18,3388.92,3643.99,4072.33,3737.98,4064.53,FAILED,FAILED,FAILED,FAILED,FAILED,FAILED
9pipe_k-sc2012,UNSATISFIABLE,72.01,80.82,FAILED,FAILED,241.49,1500.82,4995.08,FAILED,58.83,74.03,55.80,FAILED,318.38,483.54,2556.30,117.75,2614.80,2571.02,FAILED,721.32,188.16,405.32,FAILED,684.44
ACG-20-10p1-sc2009,SATISFIABLE,918.00,FAILED,FAILED,FAILED,4159.25,4191.77,3409.24,FAILED,876.79,701.31,739.06,FAILED,767.05,1529.23,1452.89,1865.94,1338.10,2101.60,FAILED,2056.39,1127.53,FAILED,FAILED,FAILED
AProVE07-26-sc2007,UNKNOWN,FAILED,FAILED,FAILED,FAILED,FAILED,FAILED,FAILED,FAILED,FAILED,FAILED,FAILED,FAILED,FAILED,FAILED,FAILED,FAILED,FAILED,FAILED,FAILED,FAILED,FAILED,FAILED,FAILED,FAILED
ASG_72_keystream76_1,SATISFIABLE,625.06,FAILED,FAILED,FAILED,FAILED,3819.03,FAILED,FAILED,647.89,175.96,178.31,FAILED,710.38,4399.95,1074.83,2811.74,4299.69,3788.67,3423.44,4578.09,1021.76,4.20,1486.27,FAILED
ASG_72_keystream76_2,SATISFIABLE,65.35,FAILED,FAILED,FAILED,FAILED,73.80,20.93,FAILED,645.98,91.91,92.07,FAILED,414.57,865.72,138.40,733.69,2989.24,1136.28,817.72,394.06,3190.74,FAILED,2842.26,FAILED
ASG_96_len112_known_last12_2,SATISFIABLE,1283.59,FAILED,FAILED,1228.83,4905.41,131.69,1532.65,FAILED,1689.91,401.75,416.92,FAILED,2087.21,121.75,409.30,1228.63,1529.59,1313.77,4907.80,1815.29,1445.46,FAILED,2017.90,FAILED
ASG_96_len112_known_last12_2_u,SATISFIABLE,1470.47,FAILED,FAILED,1236.23,4779.61,124.69,1527.88,FAILED,1711.37,405.07,417.44,FAILED,2083.07,121.51,432.85,1261.39,1546.08,1324.87,FAILED,1811.47,1415.36,FAILED,1987.44,FAILED
ASG_96_len112_known_last13_2,SATISFIABLE,184.22,FAILED,FAILED,FAILED,3175.88,902.65,407.32,FAILED,133.55,644.06,660.43,FAILED,2087.89,79.17,674.96,1371.05,2170.45,20.63,3160.92,266.93,1051.48,1661.19,3442.43,FAILED
ASG_96_len112_known_last13_2_u,UNSATISFIABLE,1118.65,FAILED,FAILED,FAILED,1077.36,648.53,783.20,FAILED,647.89,843.91,854.89,FAILED,986.85,1084.59,905.89,1031.13,853.71,878.30,1734.29,2719.16,1195.85,4668.05,1389.67,FAILED
Bibd-sc-10-03-08_c18,SATISFIABLE,5.95,51.22,FAILED,22.11,8.07,6.74,5.72,492.68,3.62,4.16,3.99,7.22,16.86,25.04,13.23,17.85,18.15,17.46,18.43,3.77,4.29,7.32,14.42,FAILED
CarSequencing-90-01_c18,SATISFIABLE,225.50,FAILED,FAILED,3215.76,252.15,97.62,121.73,FAILED,40.32,62.46,70.33,FAILED,1129.62,1341.47,160.43,48.74,157.39,68.40,FAILED,99.38,324.06,267.90,3790.22,FAILED
CarSequencing-90-02_c18,SATISFIABLE,121.07,FAILED,FAILED,557.53,188.18,91.45,121.02,FAILED,24.51,46.26,49.03,FAILED,1189.96,1581.07,105.92,67.41,141.67,53.24,4286.44,79.16,461.58,234.92,FAILED,FAILED
EDP3-70000-sc2014,UNKNOWN,FAILED,FAILED,FAILED,FAILED,FAILED,FAILED,FAILED,FAILED,FAILED,FAILED,FAILED,FAILED,FAILED,FAILED,FAILED,FAILED,FAILED,FAILED,FAILED,FAILED,FAILED,FAILED,FAILED,FAILED
Eternity-10-05_c18,SATISFIABLE,20.77,38.68,FAILED,532.05,23.56,37.82,26.38,FAILED,1.83,0.80,7.75,FAILED,44.70,20.13,23.66,16.84,78.43,63.33,307.15,62.81,43.54,498.10,433.30,1757.27
Eternity-10-06_c18,SATISFIABLE,600.97,2697.27,FAILED,FAILED,3221.09,1074.46,1762.83,FAILED,142.76,716.66,770.99,FAILED,2128.13,3061.41,FAILED,3113.64,368.28,514.66,FAILED,FAILED,4189.14,FAILED,FAILED,FAILED
GracefulGraph-K04-P04_c18,SATISFIABLE,642.10,1148.99,FAILED,FAILED,419.29,100.59,251.77,FAILED,103.17,86.89,25.36,FAILED,164.46,114.77,144.89,113.46,182.65,55.26,241.37,263.14,904.34,441.02,262.92,FAILED
GracefulGraph-K05-P02_c18,SATISFIABLE,115.21,181.57,FAILED,190.93,47.48,18.36,817.63,FAILED,20.44,52.92,35.75,FAILED,115.93,360.60,106.45,17.49,152.23,37.04,347.22,276.35,125.72,FAILED,158.59,18.67
Grain_no_init_ver1_out200_known_last104_0,SATISFIABLE,849.20,2525.63,FAILED,FAILED,FAILED,FAILED,FAILED,FAILED,996.91,435.09,124.62,FAILED,FAILED,FAILED,FAILED,1123.35,3044.35,406.85,FAILED,713.03,23.71,FAILED,FAILED,FAILED
Grain_no_init_ver1_out200_known_last104_0_u,UNSATISFIABLE,FAILED,FAILED,FAILED,FAILED,FAILED,FAILED,FAILED,FAILED,1843.95,2824.65,2689.82,FAILED,FAILED,FAILED,2062.89,2116.01,1693.05,1814.59,FAILED,FAILED,FAILED,FAILED,FAILED,FAILED
Grain_no_init_ver1_out200_known_last105_0,SATISFIABLE,FAILED,2171.03,FAILED,FAILED,FAILED,FAILED,FAILED,FAILED,94.13,54.98,100.88,FAILED,FAILED,FAILED,FAILED,1059.24,328.23,173.21,FAILED,489.68,2251.39,548.57,FAILED,FAILED
Grain_no_init_ver1_out200_known_last105_0_u,UNSATISFIABLE,FAILED,FAILED,FAILED,FAILED,FAILED,FAILED,FAILED,FAILED,365.03,512.93,552.70,FAILED,FAILED,FAILED,369.40,420.01,327.50,486.20,FAILED,3904.73,FAILED,FAILED,FAILED,FAILED
Haystacks-ext-12_c18,UNSATISFIABLE,FAILED,FAILED,FAILED,FAILED,FAILED,FAILED,FAILED,FAILED,1491.48,1984.63,2132.25,FAILED,981.00,FAILED,FAILED,FAILED,FAILED,FAILED,FAILED,FAILED,FAILED,FAILED,FAILED,127.10
Haystacks-ext-13_c18,UNSATISFIABLE,FAILED,FAILED,FAILED,FAILED,FAILED,FAILED,FAILED,FAILED,FAILED,FAILED,FAILED,FAILED,FAILED,FAILED,FAILED,FAILED,FAILED,FAILED,FAILED,FAILED,FAILED,FAILED,FAILED,1238.82
IBM_FV_20002_31_1_rule_1_SAT_dat.k95-sc2007,UNKNOWN,FAILED,FAILED,FAILED,FAILED,FAILED,FAILED,FAILED,FAILED,FAILED,FAILED,FAILED,FAILED,FAILED,FAILED,FAILED,FAILED,FAILED,FAILED,FAILED,FAILED,FAILED,FAILED,FAILED,FAILED
IBM_FV_2004_rule_batch_2_31_2_SAT_dat.k45.debugged-sc2012,UNKNOWN,FAILED,FAILED,FAILED,FAILED,FAILED,FAILED,FAILED,FAILED,FAILED,FAILED,FAILED,FAILED,FAILED,FAILED,FAILED,FAILED,FAILED,FAILED,FAILED,FAILED,FAILED,FAILED,FAILED,FAILED
LABS_n066_goal005-sc2013,SATISFIABLE,FAILED,FAILED,FAILED,FAILED,FAILED,FAILED,FAILED,FAILED,FAILED,2968.75,FAILED,FAILED,FAILED,FAILED,FAILED,1748.36,FAILED,FAILED,FAILED,FAILED,FAILED,FAILED,FAILED,FAILED
LABS_n071_goal001-sc2013,UNSATISFIABLE,FAILED,FAILED,FAILED,FAILED,FAILED,3993.39,4411.10,FAILED,2619.64,3717.83,3857.17,FAILED,FAILED,FAILED,4315.85,FAILED,4087.46,4774.70,FAILED,4012.62,FAILED,FAILED,4515.62,FAILED
LABS_n087_goal008-sc2013,SATISFIABLE,FAILED,FAILED,FAILED,FAILED,863.73,66.14,1718.13,FAILED,781.76,423.96,418.22,FAILED,4169.85,FAILED,FAILED,1243.75,FAILED,1838.51,FAILED,1485.55,1549.32,FAILED,FAILED,FAILED
LABS_n089_goal008-sc2013,SATISFIABLE,FAILED,FAILED,FAILED,FAILED,280.90,2294.44,FAILED,FAILED,774.73,1123.25,1138.32,4146.61,1457.66,FAILED,FAILED,FAILED,FAILED,FAILED,1978.18,FAILED,1916.51,FAILED,FAILED,FAILED
MASG0_72_keystream76_0,SATISFIABLE,2443.36,FAILED,FAILED,FAILED,FAILED,FAILED,FAILED,FAILED,1604.86,196.95,197.47,FAILED,2434.17,2839.20,FAILED,3068.57,FAILED,626.32,3282.63,4750.64,1167.69,FAILED,FAILED,FAILED
MASG_72_keystream76_0,SATISFIABLE,3140.41,FAILED,FAILED,FAILED,FAILED,FAILED,FAILED,FAILED,4513.30,4414.74,4372.81,FAILED,4502.66,FAILED,1514.51,FAILED,1069.58,2243.15,1991.48,4462.11,4727.82,FAILED,2503.38,FAILED
MD5-29-4-sc2014,UNKNOWN,FAILED,FAILED,FAILED,FAILED,FAILED,FAILED,FAILED,FAILED,FAILED,FAILED,FAILED,FAILED,FAILED,FAILED,FAILED,FAILED,FAILED,FAILED,FAILED,FAILED,FAILED,FAILED,FAILED,FAILED
MD5-29-5-sc2014,UNKNOWN,FAILED,FAILED,FAILED,FAILED,FAILED,FAILED,FAILED,FAILED,FAILED,FAILED,FAILED,FAILED,FAILED,FAILED,FAILED,FAILED,FAILED,FAILED,FAILED,FAILED,FAILED,FAILED,FAILED,FAILED
MM-22,UNKNOWN,FAILED,FAILED,FAILED,FAILED,FAILED,FAILED,FAILED,FAILED,FAILED,FAILED,FAILED,FAILED,FAILED,FAILED,FAILED,FAILED,FAILED,FAILED,FAILED,FAILED,FAILED,FAILED,FAILED,FAILED
MM-23-2-2-2-2-3,UNKNOWN,FAILED,FAILED,FAILED,FAILED,FAILED,FAILED,FAILED,FAILED,FAILED,FAILED,FAILED,FAILED,FAILED,FAILED,FAILED,FAILED,FAILED,FAILED,FAILED,FAILED,FAILED,FAILED,FAILED,FAILED
MM-23-2-2-2-2-A,UNKNOWN,FAILED,FAILED,FAILED,FAILED,FAILED,FAILED,FAILED,FAILED,FAILED,FAILED,FAILED,FAILED,FAILED,FAILED,FAILED,FAILED,FAILED,FAILED,FAILED,FAILED,FAILED,FAILED,FAILED,FAILED
MM-23-2-2-2-2-B,UNKNOWN,FAILED,FAILED,FAILED,FAILED,FAILED,FAILED,FAILED,FAILED,FAILED,FAILED,FAILED,FAILED,FAILED,FAILED,FAILED,FAILED,FAILED,FAILED,FAILED,FAILED,FAILED,FAILED,FAILED,FAILED
MM-23-2-2-2-2-C,UNKNOWN,FAILED,FAILED,FAILED,FAILED,FAILED,FAILED,FAILED,FAILED,FAILED,FAILED,FAILED,FAILED,FAILED,FAILED,FAILED,FAILED,FAILED,FAILED,FAILED,FAILED,FAILED,FAILED,FAILED,FAILED
MM-23-2-2-2-2-D,UNKNOWN,FAILED,FAILED,FAILED,FAILED,FAILED,FAILED,FAILED,FAILED,FAILED,FAILED,FAILED,FAILED,FAILED,FAILED,FAILED,FAILED,FAILED,FAILED,FAILED,FAILED,FAILED,FAILED,FAILED,FAILED
MM-23-2-2-2-2-M,UNKNOWN,FAILED,FAILED,FAILED,FAILED,FAILED,FAILED,FAILED,FAILED,FAILED,FAILED,FAILED,FAILED,FAILED,FAILED,FAILED,FAILED,FAILED,FAILED,FAILED,FAILED,FAILED,FAILED,FAILED,FAILED
MM-23-2-2-2-3-4,UNKNOWN,FAILED,FAILED,FAILED,FAILED,FAILED,FAILED,FAILED,FAILED,FAILED,FAILED,FAILED,FAILED,FAILED,FAILED,FAILED,FAILED,FAILED,FAILED,FAILED,FAILED,FAILED,FAILED,FAILED,FAILED
MM-23-2-2-2-4-A,UNKNOWN,FAILED,FAILED,FAILED,FAILED,FAILED,FAILED,FAILED,FAILED,FAILED,FAILED,FAILED,FAILED,FAILED,FAILED,FAILED,FAILED,FAILED,FAILED,FAILED,FAILED,FAILED,FAILED,FAILED,FAILED
MM-23-2-2-2-4-B,UNKNOWN,FAILED,FAILED,FAILED,FAILED,FAILED,FAILED,FAILED,FAILED,FAILED,FAILED,FAILED,FAILED,FAILED,FAILED,FAILED,FAILED,FAILED,FAILED,FAILED,FAILED,FAILED,FAILED,FAILED,FAILED
MM-23-2-2-3-A,UNKNOWN,FAILED,FAILED,FAILED,FAILED,FAILED,FAILED,FAILED,FAILED,FAILED,FAILED,FAILED,FAILED,FAILED,FAILED,FAILED,FAILED,FAILED,FAILED,FAILED,FAILED,FAILED,FAILED,FAILED,FAILED
MM-23-2-2-3-B,UNKNOWN,FAILED,FAILED,FAILED,FAILED,FAILED,FAILED,FAILED,FAILED,FAILED,FAILED,FAILED,FAILED,FAILED,FAILED,FAILED,FAILED,FAILED,FAILED,FAILED,FAILED,FAILED,FAILED,FAILED,FAILED
MM-23-2-4-A,UNKNOWN,FAILED,FAILED,FAILED,FAILED,FAILED,FAILED,FAILED,FAILED,FAILED,FAILED,FAILED,FAILED,FAILED,FAILED,FAILED,FAILED,FAILED,FAILED,FAILED,FAILED,FAILED,FAILED,FAILED,FAILED
MM-23-2-4-B,UNKNOWN,FAILED,FAILED,FAILED,FAILED,FAILED,FAILED,FAILED,FAILED,FAILED,FAILED,FAILED,FAILED,FAILED,FAILED,FAILED,FAILED,FAILED,FAILED,FAILED,FAILED,FAILED,FAILED,FAILED,FAILED
MM-23-3-3-A,UNKNOWN,FAILED,FAILED,FAILED,FAILED,FAILED,FAILED,FAILED,FAILED,FAILED,FAILED,FAILED,FAILED,FAILED,FAILED,FAILED,FAILED,FAILED,FAILED,FAILED,FAILED,FAILED,FAILED,FAILED,FAILED
MM-23-3-3-B,UNKNOWN,FAILED,FAILED,FAILED,FAILED,FAILED,FAILED,FAILED,FAILED,FAILED,FAILED,FAILED,FAILED,FAILED,FAILED,FAILED,FAILED,FAILED,FAILED,FAILED,FAILED,FAILED,FAILED,FAILED,FAILED
MM-23-3-3-M,UNKNOWN,FAILED,FAILED,FAILED,FAILED,FAILED,FAILED,FAILED,FAILED,FAILED,FAILED,FAILED,FAILED,FAILED,FAILED,FAILED,FAILED,FAILED,FAILED,FAILED,FAILED,FAILED,FAILED,FAILED,FAILED
MM-23-3-3-N,UNKNOWN,FAILED,FAILED,FAILED,FAILED,FAILED,FAILED,FAILED,FAILED,FAILED,FAILED,FAILED,FAILED,FAILED,FAILED,FAILED,FAILED,FAILED,FAILED,FAILED,FAILED,FAILED,FAILED,FAILED,FAILED
MM-23-4-4-4-4-1,UNKNOWN,FAILED,FAILED,FAILED,FAILED,FAILED,FAILED,FAILED,FAILED,FAILED,FAILED,FAILED,FAILED,FAILED,FAILED,FAILED,FAILED,FAILED,FAILED,FAILED,FAILED,FAILED,FAILED,FAILED,FAILED
MM-23-5-A,UNKNOWN,FAILED,FAILED,FAILED,FAILED,FAILED,FAILED,FAILED,FAILED,FAILED,FAILED,FAILED,FAILED,FAILED,FAILED,FAILED,FAILED,FAILED,FAILED,FAILED,FAILED,FAILED,FAILED,FAILED,FAILED
MM-23-5-B,UNKNOWN,FAILED,FAILED,FAILED,FAILED,FAILED,FAILED,FAILED,FAILED,FAILED,FAILED,FAILED,FAILED,FAILED,FAILED,FAILED,FAILED,FAILED,FAILED,FAILED,FAILED,FAILED,FAILED,FAILED,FAILED
MM-23-no-type3,UNKNOWN,FAILED,FAILED,FAILED,FAILED,FAILED,FAILED,FAILED,FAILED,FAILED,FAILED,FAILED,FAILED,FAILED,FAILED,FAILED,FAILED,FAILED,FAILED,FAILED,FAILED,FAILED,FAILED,FAILED,FAILED
MUS-v310-4-sc2013,UNSATISFIABLE,2745.44,FAILED,306.09,FAILED,1706.30,1844.05,2171.84,FAILED,2168.22,3897.43,4205.44,FAILED,1669.00,2608.29,320.13,519.64,386.53,407.71,283.59,970.92,3005.77,FAILED,330.41,FAILED
Mario-t-hard-2_c18,SATISFIABLE,21.67,FAILED,FAILED,46.23,137.55,9.66,8.82,FAILED,6.73,10.43,10.39,45.83,22.34,34.87,43.36,45.29,45.05,45.78,26.45,42.79,4.39,11.79,5.62,FAILED
Mario-t-hard-5_c18,SATISFIABLE,23.96,FAILED,FAILED,40.44,113.35,8.88,9.97,FAILED,7.20,7.15,7.16,32.90,24.95,38.18,40.19,42.95,44.46,42.63,24.42,39.96,5.16,12.27,9.82,FAILED
Mickey_out250_known_last146_0,SATISFIABLE,73.19,FAILED,FAILED,FAILED,FAILED,1911.70,952.20,FAILED,360.69,629.22,695.69,791.85,FAILED,FAILED,503.45,78.67,1238.65,1506.07,511.39,2894.96,441.54,897.67,4979.59,FAILED
Mickey_out250_known_last146_0_u,UNSATISFIABLE,694.57,FAILED,FAILED,FAILED,1071.90,728.16,1024.08,FAILED,653.61,1111.55,1302.40,FAILED,FAILED,FAILED,1197.47,2183.35,629.95,821.21,2107.29,805.01,1300.53,2570.83,2866.86,FAILED
Mickey_out250_known_last147_0,SATISFIABLE,163.84,FAILED,FAILED,FAILED,FAILED,354.29,812.50,FAILED,340.44,271.23,276.94,70.42,FAILED,FAILED,1653.27,533.87,781.91,371.85,210.42,399.97,688.56,636.07,44.26,FAILED
Mickey_out250_known_last147_0_u,UNSATISFIABLE,3083.37,FAILED,FAILED,FAILED,619.02,344.49,1128.14,FAILED,315.25,654.61,388.55,FAILED,FAILED,FAILED,367.34,848.65,403.77,895.71,1461.74,FAILED,796.76,2256.55,FAILED,FAILED
Nb51T6-sc2018,UNSATISFIABLE,4726.54,FAILED,FAILED,FAILED,FAILED,FAILED,FAILED,FAILED,4761.26,FAILED,FAILED,FAILED,FAILED,FAILED,2132.05,3883.38,2593.32,2547.52,4104.42,FAILED,FAILED,FAILED,4637.06,FAILED
Nb7T44-sc2017,SATISFIABLE,FAILED,1907.21,FAILED,FAILED,FAILED,FAILED,FAILED,FAILED,21.19,89.16,173.44,FAILED,FAILED,FAILED,FAILED,FAILED,FAILED,FAILED,20.91,FAILED,FAILED,85.38,46.42,FAILED
Pb-chnl15-16_c18,UNSATISFIABLE,FAILED,FAILED,FAILED,FAILED,FAILED,FAILED,FAILED,FAILED,FAILED,FAILED,FAILED,FAILED,0.01,0.01,FAILED,FAILED,FAILED,FAILED,FAILED,FAILED,FAILED,FAILED,FAILED,FAILED
Pb-chnl20-21_c18,UNSATISFIABLE,FAILED,FAILED,FAILED,FAILED,FAILED,FAILED,FAILED,FAILED,FAILED,FAILED,FAILED,FAILED,0.02,0.01,FAILED,FAILED,FAILED,FAILED,FAILED,FAILED,FAILED,FAILED,FAILED,FAILED
QG7a-gensys-icl001.sat05-3822.reshuffled-07-sc2007,UNSATISFIABLE,190.32,4143.12,FAILED,FAILED,150.56,384.03,233.06,FAILED,75.53,108.56,112.47,FAILED,562.46,323.84,102.40,137.79,112.15,121.75,491.57,2282.69,387.76,FAILED,1828.03,3771.06
QG7a-gensys-ukn002.sat05-3842.reshuffled-07-sc2007,UNSATISFIABLE,2544.66,FAILED,FAILED,FAILED,969.62,4219.54,4296.52,FAILED,535.03,1002.66,923.38,FAILED,2701.65,1349.70,468.84,550.91,524.28,645.66,1221.03,FAILED,FAILED,FAILED,FAILED,FAILED
QuasiGroup-4-10_c18,UNKNOWN,FAILED,FAILED,FAILED,FAILED,FAILED,FAILED,FAILED,FAILED,FAILED,FAILED,FAILED,FAILED,FAILED,FAILED,FAILED,FAILED,FAILED,FAILED,FAILED,FAILED,FAILED,FAILED,FAILED,FAILED
QuasiGroup-4-12_c18,SATISFIABLE,1505.90,3953.23,FAILED,FAILED,FAILED,962.30,FAILED,FAILED,402.10,25.68,27.52,FAILED,1734.04,2607.96,2265.47,550.79,2126.22,300.73,FAILED,1197.73,3148.72,2285.35,3349.97,FAILED
SAT_dat.k100-sc2012,UNSATISFIABLE,445.15,FAILED,FAILED,FAILED,635.15,285.06,361.13,FAILED,446.81,559.03,518.07,FAILED,593.03,516.39,1479.25,376.78,624.59,620.23,FAILED,1647.26,710.73,FAILED,FAILED,FAILED
SAT_dat.k85-sc2013,UNSATISFIABLE,FAILED,FAILED,FAILED,FAILED,FAILED,FAILED,FAILED,FAILED,1440.40,1910.46,1858.02,FAILED,2604.20,2942.03,FAILED,4430.29,4909.46,FAILED,FAILED,FAILED,FAILED,FAILED,FAILED,FAILED
SGI_30_60_24_40_2-dir.shuffled-as.sat03-118-sc2002,UNSATISFIABLE,FAILED,2064.59,FAILED,FAILED,3670.56,3849.10,4672.50,FAILED,1137.95,1335.54,1347.40,FAILED,FAILED,1601.07,850.69,1518.54,1127.70,1153.56,4251.10,FAILED,FAILED,FAILED,FAILED,FAILED
SGI_30_60_28_40_2-dir.shuffled-as.sat03-124-sc2002,UNKNOWN,FAILED,FAILED,FAILED,FAILED,FAILED,FAILED,FAILED,FAILED,FAILED,FAILED,FAILED,FAILED,FAILED,FAILED,FAILED,FAILED,FAILED,FAILED,FAILED,FAILED,FAILED,FAILED,FAILED,FAILED
Schur_160_5_d38-sc2016,SATISFIABLE,FAILED,370.21,FAILED,FAILED,FAILED,1041.02,2469.68,FAILED,245.74,254.12,254.42,FAILED,1009.63,FAILED,771.15,FAILED,349.81,2054.29,FAILED,FAILED,911.16,FAILED,FAILED,FAILED
Schur_161_5_d22-sc2016,UNKNOWN,FAILED,FAILED,FAILED,FAILED,FAILED,FAILED,FAILED,FAILED,FAILED,FAILED,FAILED,FAILED,FAILED,FAILED,FAILED,FAILED,FAILED,FAILED,FAILED,FAILED,FAILED,FAILED,FAILED,FAILED
SocialGolfers-6-6-6-cp_c18,UNKNOWN,FAILED,FAILED,FAILED,FAILED,FAILED,FAILED,FAILED,FAILED,FAILED,FAILED,FAILED,FAILED,FAILED,FAILED,FAILED,FAILED,FAILED,FAILED,FAILED,FAILED,FAILED,FAILED,FAILED,FAILED
SocialGolfers-6-6-7-cp_c18,UNKNOWN,FAILED,FAILED,FAILED,FAILED,FAILED,FAILED,FAILED,FAILED,FAILED,FAILED,FAILED,FAILED,FAILED,FAILED,FAILED,FAILED,FAILED,FAILED,FAILED,FAILED,FAILED,FAILED,FAILED,FAILED
Subisomorphism-g10-g23_c18,UNSATISFIABLE,FAILED,FAILED,FAILED,FAILED,FAILED,FAILED,FAILED,FAILED,4923.53,FAILED,FAILED,FAILED,FAILED,FAILED,2649.09,3107.90,2272.12,FAILED,FAILED,FAILED,FAILED,FAILED,FAILED,FAILED
Subisomorphism-g10-g27_c18,SATISFIABLE,FAILED,FAILED,FAILED,FAILED,203.50,1298.06,2615.69,FAILED,196.43,153.52,25.47,FAILED,FAILED,1873.34,910.32,4072.15,1077.52,1506.64,FAILED,3901.23,3272.28,53.52,FAILED,389.25
T103.2.1-sc2017,UNSATISFIABLE,FAILED,FAILED,FAILED,FAILED,FAILED,FAILED,FAILED,FAILED,1196.76,1955.44,1832.84,FAILED,FAILED,FAILED,3559.60,2453.77,2917.78,2083.05,FAILED,FAILED,FAILED,FAILED,FAILED,FAILED
T169.1.0-sc2017,SATISFIABLE,FAILED,FAILED,FAILED,FAILED,FAILED,FAILED,FAILED,FAILED,740.44,792.65,776.59,FAILED,974.29,884.04,508.55,249.78,572.49,253.89,FAILED,3831.81,1284.32,FAILED,FAILED,FAILED
Tal-07_c18,SATISFIABLE,16.40,29.85,FAILED,51.29,95.58,62.93,67.72,FAILED,16.57,21.19,32.01,626.63,58.62,151.98,96.75,246.51,414.95,331.55,124.78,170.25,66.06,225.20,706.25,136.47
Tal-08_c18,SATISFIABLE,30.43,121.86,FAILED,193.61,198.31,133.30,155.52,FAILED,31.95,31.58,46.81,FAILED,71.43,382.39,349.09,206.96,422.67,321.01,634.29,425.31,127.63,389.90,380.10,132.31
TimetableCNFEncoding_5_UNKNOWN-sc2018,UNKNOWN,FAILED,FAILED,FAILED,FAILED,FAILED,FAILED,FAILED,FAILED,FAILED,FAILED,FAILED,FAILED,FAILED,FAILED,FAILED,FAILED,FAILED,FAILED,FAILED,FAILED,FAILED,FAILED,FAILED,FAILED
Trivium_no_init_out350_known_last142_1,SATISFIABLE,2876.41,FAILED,FAILED,FAILED,FAILED,FAILED,FAILED,FAILED,868.68,922.10,938.69,FAILED,2023.23,1932.58,1668.57,325.25,1538.87,1030.68,4470.37,FAILED,1696.19,FAILED,FAILED,FAILED
Trivium_no_init_out350_known_last142_1_u,UNSATISFIABLE,FAILED,FAILED,FAILED,FAILED,FAILED,FAILED,FAILED,FAILED,2110.93,3416.70,3442.88,FAILED,FAILED,FAILED,1934.87,2013.07,1657.78,1394.42,FAILED,FAILED,FAILED,FAILED,FAILED,FAILED
Trivium_no_init_out350_known_last143_1,SATISFIABLE,3883.36,FAILED,FAILED,FAILED,52.91,1164.77,FAILED,FAILED,873.74,1395.84,35.06,FAILED,409.57,1647.21,278.00,277.76,690.71,864.81,722.95,481.84,3996.59,FAILED,4059.92,FAILED
Trivium_no_init_out350_known_last143_1_u,UNSATISFIABLE,4293.33,FAILED,FAILED,FAILED,FAILED,4902.08,4567.50,FAILED,1004.38,1428.42,1428.42,FAILED,2501.77,4629.39,947.30,996.23,838.47,861.25,4709.02,FAILED,FAILED,FAILED,2476.89,FAILED
UCG-20-10p1-sc2009,SATISFIABLE,596.57,FAILED,FAILED,FAILED,2150.32,1188.19,2338.32,FAILED,555.14,608.44,467.64,FAILED,680.64,963.58,718.22,819.73,758.59,781.11,FAILED,2270.49,783.61,3629.27,FAILED,FAILED
UR-20-5p1-sc2009,SATISFIABLE,1858.33,FAILED,FAILED,FAILED,1397.37,898.56,589.73,FAILED,461.03,251.88,164.04,FAILED,1190.34,864.26,550.94,529.96,577.36,558.54,4048.85,1427.94,708.38,4183.54,FAILED,FAILED
UTI-20-10p0-sc2009,UNSATISFIABLE,568.27,FAILED,FAILED,FAILED,847.14,801.69,832.72,FAILED,985.05,907.23,816.12,FAILED,995.51,772.51,976.37,421.08,578.22,375.34,FAILED,2532.95,2534.44,FAILED,FAILED,FAILED
UTI-20-10p1-sc2009,SATISFIABLE,1422.75,FAILED,FAILED,FAILED,1938.96,1392.98,1656.12,FAILED,1339.29,907.64,533.15,FAILED,2742.61,1310.75,914.65,642.98,322.28,835.12,FAILED,3686.91,4237.94,FAILED,FAILED,FAILED
UTI-20-5p0-sc2009,UNSATISFIABLE,1338.61,FAILED,FAILED,FAILED,630.16,699.82,583.64,FAILED,715.59,620.45,765.14,FAILED,911.17,697.25,774.01,321.52,470.37,431.26,4660.99,1672.87,1326.37,FAILED,FAILED,FAILED
aaai10-planning-ipc5-TPP-21-step11-sc2011,UNSATISFIABLE,280.89,3107.53,FAILED,FAILED,867.23,1401.60,1367.02,FAILED,409.37,489.54,493.71,FAILED,1740.07,814.51,1043.96,623.67,686.61,765.65,FAILED,FAILED,441.97,FAILED,FAILED,FAILED
aaai10-planning-ipc5-pathways-17-step21-sc2011,SATISFIABLE,1848.65,FAILED,FAILED,FAILED,660.71,2541.72,4598.23,FAILED,12.40,25.31,65.79,FAILED,360.81,446.82,3444.50,373.35,2680.86,2988.26,943.85,4896.17,491.29,FAILED,FAILED,FAILED
ablmulub16x4o-sc2016,UNSATISFIABLE,110.88,1036.90,224.99,FAILED,1917.78,428.59,849.96,FAILED,150.00,203.30,199.66,FAILED,307.87,343.80,261.11,459.34,255.98,278.68,336.04,1113.42,396.87,2628.13,331.33,FAILED
ablmulub2x32o-sc2016,UNSATISFIABLE,171.73,FAILED,FAILED,FAILED,1208.58,1925.45,3967.90,FAILED,133.34,283.12,264.71,FAILED,756.53,984.32,373.71,962.23,491.77,492.46,1866.25,3790.94,439.72,FAILED,1658.49,FAILED
ae_rphp095_04-sc2018,UNSATISFIABLE,FAILED,FAILED,FAILED,FAILED,FAILED,FAILED,FAILED,FAILED,4985.83,FAILED,FAILED,FAILED,FAILED,4773.66,FAILED,FAILED,FAILED,FAILED,FAILED,FAILED,FAILED,FAILED,FAILED,FAILED
aes_24_4_keyfind_2-sc2013,SATISFIABLE,159.14,4937.91,FAILED,FAILED,FAILED,FAILED,266.53,FAILED,1104.12,3684.40,347.00,FAILED,2430.98,FAILED,65.92,458.90,412.40,415.10,4828.37,1494.52,3112.75,FAILED,3519.04,FAILED
aes_24_4_keyfind_5-sc2014,SATISFIABLE,2117.14,FAILED,FAILED,FAILED,1861.60,FAILED,4835.45,FAILED,2260.99,2022.26,4107.26,FAILED,FAILED,FAILED,FAILED,3323.57,1820.46,1780.61,2664.29,1625.32,FAILED,FAILED,FAILED,FAILED
aes_32_3_keyfind_1-sc2011,SATISFIABLE,FAILED,FAILED,FAILED,FAILED,FAILED,FAILED,FAILED,FAILED,397.19,769.72,18.49,FAILED,74.65,2448.13,687.82,1018.38,4870.74,FAILED,1535.24,4207.13,2925.03,FAILED,1979.04,FAILED
aes_equiv_encry_3_rounds.debugged-sc2012,UNSATISFIABLE,688.92,FAILED,FAILED,FAILED,3669.41,589.57,431.00,FAILED,454.00,583.37,580.30,FAILED,FAILED,FAILED,2605.52,732.87,2611.21,2689.36,FAILED,2463.26,FAILED,FAILED,FAILED,FAILED
ak128astepbg2msaig-sc2016,UNKNOWN,FAILED,FAILED,FAILED,FAILED,FAILED,FAILED,FAILED,FAILED,FAILED,FAILED,FAILED,FAILED,FAILED,FAILED,FAILED,FAILED,FAILED,FAILED,FAILED,FAILED,FAILED,FAILED,FAILED,FAILED
ak128modasbg2asisc-sc2016,SATISFIABLE,FAILED,FAILED,FAILED,FAILED,FAILED,FAILED,3004.58,FAILED,FAILED,FAILED,FAILED,FAILED,FAILED,FAILED,FAILED,FAILED,FAILED,FAILED,FAILED,FAILED,FAILED,FAILED,FAILED,FAILED
apn-sbox6-cut4-helpbox31-sc2018,SATISFIABLE,1245.62,FAILED,FAILED,FAILED,FAILED,77.00,52.74,FAILED,1129.17,1617.89,354.06,FAILED,FAILED,FAILED,578.47,206.86,636.06,706.60,2567.77,957.16,3778.36,FAILED,FAILED,FAILED
atco_enc1_opt1_04_32-sc2014,SATISFIABLE,1566.60,FAILED,FAILED,FAILED,584.90,730.54,866.48,FAILED,78.12,84.62,84.42,FAILED,279.70,409.81,FAILED,3609.18,FAILED,2813.74,FAILED,989.72,3038.27,FAILED,2115.02,FAILED
atco_enc1_opt2_10_16-sc2014,SATISFIABLE,FAILED,FAILED,FAILED,FAILED,FAILED,FAILED,FAILED,FAILED,852.45,31.38,31.94,FAILED,4254.11,3003.99,322.33,1242.68,FAILED,1092.95,FAILED,2870.28,4975.48,FAILED,FAILED,FAILED
atco_enc1_opt2_20_12-sc2014,UNSATISFIABLE,2268.81,FAILED,FAILED,FAILED,FAILED,1422.68,2055.79,FAILED,1818.65,3152.00,3014.70,FAILED,FAILED,4319.79,1164.58,2373.37,1457.52,1592.76,4913.19,3163.86,FAILED,FAILED,3258.59,FAILED
atco_enc2_opt2_05_9-sc2014,SATISFIABLE,1198.28,FAILED,FAILED,FAILED,FAILED,FAILED,2869.85,FAILED,141.60,231.15,231.55,FAILED,1990.12,2101.25,146.21,1269.03,243.50,3314.81,FAILED,1947.54,2496.14,FAILED,FAILED,FAILED
atco_enc2_opt2_10_21-sc2014,SATISFIABLE,1023.13,FAILED,FAILED,FAILED,3081.55,1098.49,2977.62,FAILED,113.45,167.60,17.83,FAILED,1117.39,3046.04,207.36,83.46,181.95,244.67,4751.14,2775.55,2128.43,FAILED,2336.15,FAILED
atco_enc3_opt2_10_12-sc2014,UNSATISFIABLE,FAILED,FAILED,FAILED,FAILED,4296.69,FAILED,3134.01,FAILED,1018.97,1369.60,1367.46,FAILED,1470.64,2040.22,2144.15,2508.54,2440.80,3111.36,FAILED,2499.03,2345.51,FAILED,FAILED,FAILED
b04_s_2_unknown_pre-sc2013,SATISFIABLE,FAILED,FAILED,FAILED,FAILED,FAILED,FAILED,FAILED,FAILED,720.81,496.18,500.42,FAILED,FAILED,FAILED,FAILED,1457.09,FAILED,FAILED,FAILED,FAILED,FAILED,FAILED,FAILED,FAILED
b04_s_unknown-sc2013,SATISFIABLE,FAILED,FAILED,FAILED,2552.95,FAILED,FAILED,FAILED,FAILED,169.00,273.68,302.34,2516.32,1827.18,4114.99,823.88,975.72,820.81,556.11,FAILED,FAILED,FAILED,FAILED,FAILED,FAILED
b1904P1-8x8c6h5SAT,SATISFIABLE,FAILED,FAILED,FAILED,FAILED,FAILED,FAILED,FAILED,FAILED,2679.59,4387.98,2306.16,FAILED,FAILED,FAILED,FAILED,2705.10,FAILED,FAILED,FAILED,FAILED,FAILED,FAILED,FAILED,FAILED
b1904P1-8x8c6h7SAT,SATISFIABLE,FAILED,FAILED,FAILED,FAILED,FAILED,FAILED,FAILED,FAILED,FAILED,4890.01,781.89,FAILED,FAILED,FAILED,FAILED,4620.08,FAILED,FAILED,FAILED,FAILED,FAILED,FAILED,FAILED,FAILED
b1904P2-8x8c9h5SAT,UNKNOWN,FAILED,FAILED,FAILED,FAILED,FAILED,FAILED,FAILED,FAILED,FAILED,FAILED,FAILED,FAILED,FAILED,FAILED,FAILED,FAILED,FAILED,FAILED,FAILED,FAILED,FAILED,FAILED,FAILED,FAILED
b1904P2-8x8c9h7UNSAT,UNKNOWN,FAILED,FAILED,FAILED,FAILED,FAILED,FAILED,FAILED,FAILED,FAILED,FAILED,FAILED,FAILED,FAILED,FAILED,FAILED,FAILED,FAILED,FAILED,FAILED,FAILED,FAILED,FAILED,FAILED,FAILED
b1904P3-8x8c11h0SAT,UNKNOWN,FAILED,FAILED,FAILED,FAILED,FAILED,FAILED,FAILED,FAILED,FAILED,FAILED,FAILED,FAILED,FAILED,FAILED,FAILED,FAILED,FAILED,FAILED,FAILED,FAILED,FAILED,FAILED,FAILED,FAILED
b1904P3-8x8c11h7SAT,SATISFIABLE,FAILED,FAILED,FAILED,FAILED,FAILED,FAILED,FAILED,FAILED,809.99,1388.11,780.73,FAILED,FAILED,2921.62,1444.96,1987.51,FAILED,4718.96,FAILED,FAILED,FAILED,FAILED,FAILED,FAILED
b1904P3-8x8c11h7UNSAT,UNSATISFIABLE,2836.74,FAILED,FAILED,FAILED,2454.40,3091.10,3396.85,FAILED,666.70,702.00,784.06,FAILED,1555.90,1128.66,4169.02,808.95,1351.13,1508.33,FAILED,FAILED,2269.61,FAILED,FAILED,FAILED
b_unsat-sc2013,UNSATISFIABLE,4792.23,2483.03,FAILED,FAILED,550.62,703.17,1075.01,FAILED,1664.64,2096.95,2195.12,FAILED,2874.58,1142.46,1004.83,1296.75,1154.12,1115.89,1828.57,2015.24,2010.80,2378.20,2113.74,FAILED
blockpuzzle_5x10_s3_free4-sc2017,UNSATISFIABLE,FAILED,1643.66,FAILED,FAILED,2172.29,2490.02,2600.09,FAILED,1070.71,1455.91,1446.71,FAILED,FAILED,FAILED,430.03,424.38,260.78,280.80,FAILED,1661.23,FAILED,FAILED,FAILED,FAILED
blocks-blocks-36-0.120-NOTKNOWN-sc2011,UNSATISFIABLE,1409.94,FAILED,FAILED,FAILED,2795.83,2115.82,1260.42,FAILED,2052.03,2531.91,2118.50,FAILED,1708.38,1623.73,3727.09,1451.71,1725.26,1692.06,FAILED,2704.62,1087.85,3159.71,FAILED,FAILED
blocks-blocks-37-1.130-NOTKNOWN-sc2011,UNSATISFIABLE,862.26,FAILED,FAILED,FAILED,1119.05,854.85,1107.16,FAILED,920.75,1152.02,836.34,FAILED,1011.87,1005.56,2659.72,1107.75,1438.65,1347.85,FAILED,2378.94,581.01,1094.13,4958.23,FAILED
bob12s06-sc2013,UNSATISFIABLE,1686.13,FAILED,FAILED,FAILED,3874.41,3676.00,2439.38,FAILED,1762.74,2084.24,2104.23,FAILED,FAILED,FAILED,2996.78,1360.39,3052.99,3099.47,FAILED,FAILED,FAILED,FAILED,FAILED,FAILED
c6288mul.miter.shuffled-as.sat03-346-sc2002,UNSATISFIABLE,709.58,FAILED,FAILED,FAILED,331.23,4689.94,1476.35,FAILED,419.03,386.57,394.91,FAILED,FAILED,FAILED,3577.13,171.14,2597.82,2607.80,FAILED,FAILED,FAILED,FAILED,FAILED,FAILED
cms-scheel-md5-families-r24-c8-p0-3-5-6-14-16-18-19-sc2018,SATISFIABLE,FAILED,FAILED,FAILED,FAILED,101.56,FAILED,FAILED,FAILED,136.16,1075.37,559.58,FAILED,2241.32,2630.27,912.63,1112.59,386.58,56.34,FAILED,362.63,FAILED,FAILED,FAILED,FAILED
connm-ue-csp-sat-n800-d0.02-s111845174.used-as.sat04-958-sc2011,UNSATISFIABLE,2236.50,FAILED,FAILED,FAILED,FAILED,FAILED,FAILED,FAILED,3090.10,FAILED,4989.57,FAILED,4138.13,4134.61,1944.64,3410.96,1886.63,2389.27,4729.92,FAILED,FAILED,FAILED,FAILED,FAILED
countbitsrotate032-sc2009,UNKNOWN,FAILED,FAILED,FAILED,FAILED,FAILED,FAILED,FAILED,FAILED,FAILED,FAILED,FAILED,FAILED,FAILED,FAILED,FAILED,FAILED,FAILED,FAILED,FAILED,FAILED,FAILED,FAILED,FAILED,FAILED
countbitssrl032-sc2009,UNSATISFIABLE,273.24,FAILED,FAILED,FAILED,1014.22,845.65,629.94,FAILED,64.25,90.77,91.12,FAILED,392.33,434.11,2901.14,314.42,627.60,609.34,FAILED,1428.91,488.83,3422.78,4131.63,FAILED
countbitswegner128-sc2011,UNSATISFIABLE,1826.97,FAILED,FAILED,FAILED,31.04,FAILED,4109.77,FAILED,1774.27,2204.86,2309.16,FAILED,FAILED,FAILED,FAILED,3811.20,4743.64,4845.10,FAILED,FAILED,FAILED,FAILED,FAILED,FAILED
course0.2_2018_3-sc2018,SATISFIABLE,1611.74,FAILED,FAILED,FAILED,FAILED,2089.62,FAILED,FAILED,1001.83,1534.68,264.26,FAILED,1116.68,4149.44,2652.61,2644.50,FAILED,FAILED,FAILED,FAILED,772.70,FAILED,FAILED,FAILED
crafted_n11_d6_c3_num24-sc2013,UNSATISFIABLE,FAILED,FAILED,FAILED,FAILED,829.81,1662.76,1929.30,FAILED,290.54,284.13,276.26,FAILED,FAILED,123.12,539.56,655.34,373.05,439.77,FAILED,FAILED,3507.41,FAILED,FAILED,FAILED
cruxmiter28seed8,UNSATISFIABLE,FAILED,FAILED,FAILED,FAILED,1106.94,2275.52,2845.20,FAILED,200.83,407.33,423.72,FAILED,633.30,1979.45,302.59,743.44,350.87,360.25,232.13,1130.25,418.68,FAILED,418.94,FAILED
cruxmiter29seed4,UNSATISFIABLE,FAILED,FAILED,FAILED,FAILED,1513.46,2518.68,FAILED,FAILED,1618.92,3556.49,3799.77,FAILED,1395.09,836.21,527.60,1001.97,421.41,449.16,1101.19,2689.77,2745.50,FAILED,959.09,FAILED
cruxmiter29seed9,UNSATISFIABLE,FAILED,FAILED,FAILED,FAILED,FAILED,FAILED,FAILED,FAILED,2676.45,FAILED,FAILED,FAILED,3373.23,1502.22,901.82,1595.48,548.32,537.21,2629.99,4252.93,FAILED,FAILED,2262.78,FAILED
cruxmiter32seed4,UNSATISFIABLE,FAILED,FAILED,FAILED,FAILED,FAILED,FAILED,FAILED,FAILED,FAILED,FAILED,FAILED,FAILED,FAILED,FAILED,2102.23,FAILED,FAILED,FAILED,FAILED,FAILED,FAILED,FAILED,FAILED,FAILED
ctl_4291_567_2_unsat-sc2013,UNSATISFIABLE,546.83,FAILED,FAILED,FAILED,3901.84,1114.16,932.13,FAILED,1868.51,2827.55,2845.20,FAILED,2342.51,2635.97,1153.70,1867.83,1360.90,1413.64,FAILED,2903.64,FAILED,FAILED,FAILED,FAILED
ctl_4291_567_2_unsat_pre-sc2013,UNSATISFIABLE,887.07,4374.25,FAILED,FAILED,3610.40,966.62,1219.99,FAILED,2185.81,3002.89,2955.41,FAILED,2913.22,2135.50,1235.85,1784.66,1601.73,1588.77,4413.57,2734.07,FAILED,FAILED,FAILED,FAILED
ctl_4291_567_5_unsat_pre-sc2014,UNKNOWN,FAILED,FAILED,FAILED,FAILED,FAILED,FAILED,FAILED,FAILED,FAILED,FAILED,FAILED,FAILED,FAILED,FAILED,FAILED,FAILED,FAILED,FAILED,FAILED,FAILED,FAILED,FAILED,FAILED,FAILED
custmulsb2x32o-sc2016,UNKNOWN,FAILED,FAILED,FAILED,FAILED,FAILED,FAILED,FAILED,FAILED,FAILED,FAILED,FAILED,FAILED,FAILED,FAILED,FAILED,FAILED,FAILED,FAILED,FAILED,FAILED,FAILED,FAILED,FAILED,FAILED
custmulun16x16o-sc2016,UNKNOWN,FAILED,FAILED,FAILED,FAILED,FAILED,FAILED,FAILED,FAILED,FAILED,FAILED,FAILED,FAILED,FAILED,FAILED,FAILED,FAILED,FAILED,FAILED,FAILED,FAILED,FAILED,FAILED,FAILED,FAILED
dist6.c-sc2018,UNSATISFIABLE,187.13,FAILED,FAILED,FAILED,329.10,FAILED,FAILED,FAILED,100.62,123.90,125.64,FAILED,166.11,182.01,234.84,268.83,221.48,232.18,763.51,624.75,736.32,FAILED,721.51,FAILED
dp12u11.used-as.sat04-358-sc2004,UNSATISFIABLE,2412.52,2872.59,FAILED,FAILED,804.51,259.75,412.32,FAILED,157.14,191.66,222.11,FAILED,706.33,535.89,371.86,283.25,412.29,442.50,529.43,FAILED,553.05,2923.34,753.51,FAILED
e_rphp035_05-sc2018,UNSATISFIABLE,4135.50,FAILED,FAILED,FAILED,FAILED,FAILED,FAILED,FAILED,966.32,1377.68,1393.19,FAILED,FAILED,FAILED,401.10,769.65,755.22,690.74,FAILED,FAILED,FAILED,FAILED,3094.64,FAILED
ecarev-110-1031-23-40-8-sc2018,SATISFIABLE,1247.10,FAILED,FAILED,FAILED,FAILED,1179.91,1293.40,FAILED,558.93,759.52,757.76,FAILED,524.31,473.03,290.71,699.26,647.60,336.35,FAILED,FAILED,FAILED,FAILED,FAILED,FAILED
edges-024-4-5613555-1-00-sc2014,UNSATISFIABLE,FAILED,FAILED,873.51,FAILED,FAILED,4462.62,FAILED,FAILED,FAILED,FAILED,FAILED,FAILED,1813.81,0.01,966.76,1240.69,1184.73,1217.74,1003.81,3737.59,FAILED,FAILED,941.88,FAILED
eq2csparrc162cbpwtcl16,UNKNOWN,FAILED,FAILED,FAILED,FAILED,FAILED,FAILED,FAILED,FAILED,FAILED,FAILED,FAILED,FAILED,FAILED,FAILED,FAILED,FAILED,FAILED,FAILED,FAILED,FAILED,FAILED,FAILED,FAILED,FAILED
eqbparrc12spctbk12,UNSATISFIABLE,3520.31,FAILED,3971.73,FAILED,FAILED,FAILED,FAILED,FAILED,FAILED,FAILED,FAILED,FAILED,FAILED,FAILED,FAILED,FAILED,FAILED,FAILED,FAILED,FAILED,FAILED,FAILED,FAILED,FAILED
eqbparrc14spwtcl14,UNKNOWN,FAILED,FAILED,FAILED,FAILED,FAILED,FAILED,FAILED,FAILED,FAILED,FAILED,FAILED,FAILED,FAILED,FAILED,FAILED,FAILED,FAILED,FAILED,FAILED,FAILED,FAILED,FAILED,FAILED,FAILED
eqbparrc18spwtrc18,UNKNOWN,FAILED,FAILED,FAILED,FAILED,FAILED,FAILED,FAILED,FAILED,FAILED,FAILED,FAILED,FAILED,FAILED,FAILED,FAILED,FAILED,FAILED,FAILED,FAILED,FAILED,FAILED,FAILED,FAILED,FAILED
eqbpdtlf12bparrc12,UNSATISFIABLE,3634.63,FAILED,FAILED,FAILED,FAILED,FAILED,FAILED,FAILED,1075.58,1776.56,1733.59,FAILED,FAILED,FAILED,3855.97,193.10,2781.38,2847.26,FAILED,FAILED,FAILED,FAILED,FAILED,FAILED
eqbpdtlf14bpwtcl14,UNSATISFIABLE,FAILED,FAILED,FAILED,FAILED,FAILED,FAILED,FAILED,FAILED,FAILED,2303.73,FAILED,FAILED,FAILED,FAILED,4060.13,308.18,2685.53,2662.11,FAILED,FAILED,FAILED,FAILED,FAILED,FAILED
eqbpdtlf14spctbk14,UNKNOWN,FAILED,FAILED,FAILED,FAILED,FAILED,FAILED,FAILED,FAILED,FAILED,FAILED,FAILED,FAILED,FAILED,FAILED,FAILED,FAILED,FAILED,FAILED,FAILED,FAILED,FAILED,FAILED,FAILED,FAILED
eqbpdtlf14spdtlf14,UNKNOWN,FAILED,FAILED,FAILED,FAILED,FAILED,FAILED,FAILED,FAILED,FAILED,FAILED,FAILED,FAILED,FAILED,FAILED,FAILED,FAILED,FAILED,FAILED,FAILED,FAILED,FAILED,FAILED,FAILED,FAILED
eqbpdtlf16spdtlf16,UNKNOWN,FAILED,FAILED,FAILED,FAILED,FAILED,FAILED,FAILED,FAILED,FAILED,FAILED,FAILED,FAILED,FAILED,FAILED,FAILED,FAILED,FAILED,FAILED,FAILED,FAILED,FAILED,FAILED,FAILED,FAILED
eqbpdtlf18sparcl18,UNKNOWN,FAILED,FAILED,FAILED,FAILED,FAILED,FAILED,FAILED,FAILED,FAILED,FAILED,FAILED,FAILED,FAILED,FAILED,FAILED,FAILED,FAILED,FAILED,FAILED,FAILED,FAILED,FAILED,FAILED,FAILED
eqbpwtcl10spwtcl10,UNSATISFIABLE,118.44,FAILED,1590.38,FAILED,1043.06,755.85,1396.20,FAILED,428.12,710.25,717.11,FAILED,503.01,736.46,420.91,619.60,432.41,454.66,391.91,1835.17,1140.37,FAILED,408.06,FAILED
eqbpwtrc10bpdtlf10,UNSATISFIABLE,101.28,FAILED,225.18,FAILED,712.09,568.37,363.76,FAILED,274.66,361.89,363.31,FAILED,340.67,471.02,362.53,67.99,471.37,455.34,243.25,988.46,539.91,FAILED,334.49,FAILED
eqbpwtrc10spctbk10,UNSATISFIABLE,111.25,4565.55,172.57,FAILED,878.35,551.80,979.84,FAILED,410.72,844.74,839.03,FAILED,483.34,575.42,383.87,619.88,425.38,437.41,305.33,1506.51,1270.55,FAILED,298.00,FAILED
eqsparcl10bpwtrc10,UNSATISFIABLE,109.41,4290.30,173.59,FAILED,431.24,419.45,552.82,FAILED,222.29,538.96,532.87,FAILED,373.93,496.95,232.37,464.72,279.03,292.13,253.32,1330.76,959.05,3015.63,295.84,FAILED
eqsparcl12bpwtrc12,UNSATISFIABLE,3579.22,FAILED,4218.28,FAILED,FAILED,FAILED,FAILED,FAILED,FAILED,FAILED,FAILED,FAILED,FAILED,FAILED,FAILED,FAILED,FAILED,FAILED,FAILED,FAILED,FAILED,FAILED,FAILED,FAILED
eqsparrc12bpdtlf12,UNSATISFIABLE,3509.48,FAILED,3541.35,FAILED,FAILED,FAILED,FAILED,FAILED,FAILED,FAILED,FAILED,FAILED,FAILED,FAILED,FAILED,FAILED,FAILED,FAILED,FAILED,FAILED,FAILED,FAILED,FAILED,FAILED
eqsparrc14spctbk14,UNKNOWN,FAILED,FAILED,FAILED,FAILED,FAILED,FAILED,FAILED,FAILED,FAILED,FAILED,FAILED,FAILED,FAILED,FAILED,FAILED,FAILED,FAILED,FAILED,FAILED,FAILED,FAILED,FAILED,FAILED,FAILED
eqsparrc16spwtcl16,UNKNOWN,FAILED,FAILED,FAILED,FAILED,FAILED,FAILED,FAILED,FAILED,FAILED,FAILED,FAILED,FAILED,FAILED,FAILED,FAILED,FAILED,FAILED,FAILED,FAILED,FAILED,FAILED,FAILED,FAILED,FAILED
eqspctbk12bpwtrc12,UNSATISFIABLE,3608.23,FAILED,4170.47,FAILED,FAILED,FAILED,FAILED,FAILED,FAILED,FAILED,FAILED,FAILED,FAILED,FAILED,FAILED,FAILED,FAILED,FAILED,FAILED,FAILED,FAILED,FAILED,FAILED,FAILED
eqspctbk14sparcl14,UNKNOWN,FAILED,FAILED,FAILED,FAILED,FAILED,FAILED,FAILED,FAILED,FAILED,FAILED,FAILED,FAILED,FAILED,FAILED,FAILED,FAILED,FAILED,FAILED,FAILED,FAILED,FAILED,FAILED,FAILED,FAILED
eqspctbk14spwtcl14,UNKNOWN,FAILED,FAILED,FAILED,FAILED,FAILED,FAILED,FAILED,FAILED,FAILED,FAILED,FAILED,FAILED,FAILED,FAILED,FAILED,FAILED,FAILED,FAILED,FAILED,FAILED,FAILED,FAILED,FAILED,FAILED
eqspdtlf14bpwtrc14,UNKNOWN,FAILED,FAILED,FAILED,FAILED,FAILED,FAILED,FAILED,FAILED,FAILED,FAILED,FAILED,FAILED,FAILED,FAILED,FAILED,FAILED,FAILED,FAILED,FAILED,FAILED,FAILED,FAILED,FAILED,FAILED
eqspwtcl14bpwtcl14,UNKNOWN,FAILED,FAILED,FAILED,FAILED,FAILED,FAILED,FAILED,FAILED,FAILED,FAILED,FAILED,FAILED,FAILED,FAILED,FAILED,FAILED,FAILED,FAILED,FAILED,FAILED,FAILED,FAILED,FAILED,FAILED
eqspwtrc16bparrc16,UNKNOWN,FAILED,FAILED,FAILED,FAILED,FAILED,FAILED,FAILED,FAILED,FAILED,FAILED,FAILED,FAILED,FAILED,FAILED,FAILED,FAILED,FAILED,FAILED,FAILED,FAILED,FAILED,FAILED,FAILED,FAILED
ex051_9-sc2018,UNKNOWN,FAILED,FAILED,FAILED,FAILED,FAILED,FAILED,FAILED,FAILED,FAILED,FAILED,FAILED,FAILED,FAILED,FAILED,FAILED,FAILED,FAILED,FAILED,FAILED,FAILED,FAILED,FAILED,FAILED,FAILED
ex145_11-sc2018,UNKNOWN,FAILED,FAILED,FAILED,FAILED,FAILED,FAILED,FAILED,FAILED,FAILED,FAILED,FAILED,FAILED,FAILED,FAILED,FAILED,FAILED,FAILED,FAILED,FAILED,FAILED,FAILED,FAILED,FAILED,FAILED
ex175_17-sc2018,SATISFIABLE,FAILED,FAILED,FAILED,FAILED,FAILED,FAILED,FAILED,FAILED,FAILED,2741.38,1948.83,FAILED,4336.47,FAILED,FAILED,FAILED,FAILED,FAILED,FAILED,FAILED,FAILED,FAILED,FAILED,FAILED
ex175_18-sc2018,SATISFIABLE,FAILED,FAILED,FAILED,FAILED,FAILED,FAILED,FAILED,FAILED,2051.44,559.93,1193.07,FAILED,FAILED,4730.89,1041.27,3702.88,1579.13,FAILED,FAILED,2604.66,FAILED,FAILED,FAILED,FAILED
ezfact64_6.shuffled-as.sat03-1522-sc2002,SATISFIABLE,2503.14,FAILED,FAILED,FAILED,1259.71,FAILED,FAILED,FAILED,164.44,46.22,29.92,FAILED,3761.12,1292.21,1221.43,396.71,183.36,415.85,2755.37,3005.63,FAILED,FAILED,FAILED,FAILED
ezfact64_8.shuffled-as.sat03-1524-sc2002,SATISFIABLE,2067.87,FAILED,FAILED,FAILED,860.60,FAILED,FAILED,FAILED,51.67,181.74,192.52,FAILED,3175.26,1430.62,1116.06,417.68,263.59,814.43,2416.03,FAILED,FAILED,FAILED,FAILED,FAILED
f10nidw-sc2012,UNSATISFIABLE,927.99,FAILED,FAILED,FAILED,3249.21,1431.55,816.37,FAILED,645.77,612.01,598.77,FAILED,1006.23,1025.32,2918.76,2018.52,2515.60,2966.21,FAILED,FAILED,1347.70,FAILED,FAILED,FAILED
f6nidw-sc2012,UNSATISFIABLE,16.10,138.69,FAILED,3610.98,38.69,12.43,5.58,FAILED,15.99,17.03,16.92,FAILED,31.43,30.95,58.27,37.96,36.92,41.98,183.18,346.76,169.57,FAILED,549.54,284.65
frb-40-19-1-mgd_c18,SATISFIABLE,7.07,29.65,285.80,150.61,5.39,1.16,5.86,FAILED,3.81,13.04,6.96,424.17,62.74,25.03,5.69,15.77,28.27,28.46,2.09,8.10,3.91,16.75,26.63,1306.29
frb59-26-1.used-as.sat04-891-sc2011,UNKNOWN,FAILED,FAILED,FAILED,FAILED,FAILED,FAILED,FAILED,FAILED,FAILED,FAILED,FAILED,FAILED,FAILED,FAILED,FAILED,FAILED,FAILED,FAILED,FAILED,FAILED,FAILED,FAILED,FAILED,FAILED
gensys-icl005.shuffled-as.sat05-3826-sc2011,UNSATISFIABLE,2581.86,FAILED,FAILED,FAILED,1512.37,2379.07,2725.73,FAILED,359.46,675.99,762.41,FAILED,FAILED,2421.19,408.82,438.48,413.53,510.11,1078.24,FAILED,FAILED,FAILED,FAILED,FAILED
gss-20-s100-sc2009,SATISFIABLE,1896.47,FAILED,FAILED,2935.07,824.29,1204.05,678.29,FAILED,602.10,786.29,1224.05,FAILED,1597.86,623.97,3564.36,67.78,2554.27,579.19,2198.24,50.83,3935.44,2703.32,1184.99,FAILED
gss-33-s100-sc2009,UNKNOWN,FAILED,FAILED,FAILED,FAILED,FAILED,FAILED,FAILED,FAILED,FAILED,FAILED,FAILED,FAILED,FAILED,FAILED,FAILED,FAILED,FAILED,FAILED,FAILED,FAILED,FAILED,FAILED,FAILED,FAILED
gto_p60c238-sc2018,UNSATISFIABLE,494.27,FAILED,FAILED,FAILED,357.64,522.28,1118.06,FAILED,583.41,710.93,731.51,FAILED,2170.33,749.36,182.30,468.88,194.05,200.03,462.44,1259.59,1788.51,FAILED,450.16,FAILED
gus-md5-14-sc2009,UNKNOWN,FAILED,FAILED,FAILED,FAILED,FAILED,FAILED,FAILED,FAILED,FAILED,FAILED,FAILED,FAILED,FAILED,FAILED,FAILED,FAILED,FAILED,FAILED,FAILED,FAILED,FAILED,FAILED,FAILED,FAILED
hcp_CP14_14,SATISFIABLE,FAILED,428.74,FAILED,FAILED,FAILED,FAILED,FAILED,FAILED,2910.75,483.70,128.91,FAILED,1748.97,FAILED,107.54,252.99,136.66,283.54,FAILED,FAILED,704.10,FAILED,FAILED,2357.49
hcp_CP16_16,SATISFIABLE,FAILED,1707.64,FAILED,FAILED,FAILED,FAILED,FAILED,FAILED,2187.55,FAILED,1129.49,FAILED,FAILED,FAILED,759.44,1129.48,1989.58,340.58,FAILED,FAILED,FAILED,FAILED,FAILED,FAILED
hcp_CP18_18,UNKNOWN,FAILED,FAILED,FAILED,FAILED,FAILED,FAILED,FAILED,FAILED,FAILED,FAILED,FAILED,FAILED,FAILED,FAILED,FAILED,FAILED,FAILED,FAILED,FAILED,FAILED,FAILED,FAILED,FAILED,FAILED
hcp_CP20_20,SATISFIABLE,FAILED,FAILED,FAILED,FAILED,FAILED,FAILED,FAILED,FAILED,FAILED,FAILED,700.52,FAILED,FAILED,FAILED,FAILED,FAILED,FAILED,FAILED,FAILED,FAILED,FAILED,FAILED,FAILED,FAILED
hcp_CP22_22,SATISFIABLE,FAILED,FAILED,FAILED,FAILED,FAILED,FAILED,FAILED,FAILED,FAILED,FAILED,2972.97,FAILED,FAILED,FAILED,FAILED,FAILED,FAILED,FAILED,FAILED,FAILED,FAILED,FAILED,FAILED,FAILED
hcp_CP24_24,UNKNOWN,FAILED,FAILED,FAILED,FAILED,FAILED,FAILED,FAILED,FAILED,FAILED,FAILED,FAILED,FAILED,FAILED,FAILED,FAILED,FAILED,FAILED,FAILED,FAILED,FAILED,FAILED,FAILED,FAILED,FAILED
hcp_CP26_26,UNKNOWN,FAILED,FAILED,FAILED,FAILED,FAILED,FAILED,FAILED,FAILED,FAILED,FAILED,FAILED,FAILED,FAILED,FAILED,FAILED,FAILED,FAILED,FAILED,FAILED,FAILED,FAILED,FAILED,FAILED,FAILED
hcp_bij16_16,UNKNOWN,FAILED,FAILED,FAILED,FAILED,FAILED,FAILED,FAILED,FAILED,FAILED,FAILED,FAILED,FAILED,FAILED,FAILED,FAILED,FAILED,FAILED,FAILED,FAILED,FAILED,FAILED,FAILED,FAILED,FAILED
hcp_d12_12,SATISFIABLE,FAILED,FAILED,0.11,FAILED,FAILED,1307.23,FAILED,FAILED,3.58,6.29,5.17,FAILED,FAILED,530.47,FAILED,FAILED,FAILED,20.99,FAILED,154.99,20.33,FAILED,FAILED,FAILED
hcp_d14_14,SATISFIABLE,FAILED,FAILED,FAILED,FAILED,FAILED,FAILED,FAILED,FAILED,29.83,3690.43,FAILED,FAILED,FAILED,FAILED,FAILED,FAILED,FAILED,FAILED,FAILED,FAILED,FAILED,FAILED,FAILED,FAILED
hcp_d16_16,UNKNOWN,FAILED,FAILED,FAILED,FAILED,FAILED,FAILED,FAILED,FAILED,FAILED,FAILED,FAILED,FAILED,FAILED,FAILED,FAILED,FAILED,FAILED,FAILED,FAILED,FAILED,FAILED,FAILED,FAILED,FAILED
hcp_d18_18,SATISFIABLE,FAILED,FAILED,FAILED,FAILED,FAILED,FAILED,FAILED,FAILED,FAILED,FAILED,FAILED,FAILED,FAILED,FAILED,FAILED,FAILED,FAILED,FAILED,FAILED,FAILED,1190.89,FAILED,FAILED,FAILED
hcp_d20_20,SATISFIABLE,FAILED,FAILED,FAILED,FAILED,FAILED,FAILED,FAILED,FAILED,FAILED,FAILED,FAILED,FAILED,FAILED,FAILED,FAILED,FAILED,FAILED,FAILED,FAILED,FAILED,1493.10,FAILED,FAILED,FAILED
hcp_d22_22,UNKNOWN,FAILED,FAILED,FAILED,FAILED,FAILED,FAILED,FAILED,FAILED,FAILED,FAILED,FAILED,FAILED,FAILED,FAILED,FAILED,FAILED,FAILED,FAILED,FAILED,FAILED,FAILED,FAILED,FAILED,FAILED
hcp_d24_24,UNKNOWN,FAILED,FAILED,FAILED,FAILED,FAILED,FAILED,FAILED,FAILED,FAILED,FAILED,FAILED,FAILED,FAILED,FAILED,FAILED,FAILED,FAILED,FAILED,FAILED,FAILED,FAILED,FAILED,FAILED,FAILED
hcp_r20_20,SATISFIABLE,16.24,15.41,FAILED,FAILED,39.91,6.47,6.44,FAILED,7.01,8.16,7.31,67.23,11.36,15.87,19.10,17.79,19.68,17.30,18.79,393.00,39.69,28.36,60.38,FAILED
hcp_r26_26,SATISFIABLE,82.94,148.85,FAILED,FAILED,194.38,39.60,38.22,FAILED,43.35,47.67,51.36,399.98,68.70,102.38,97.24,91.15,100.01,95.83,133.28,3783.13,169.87,181.60,331.48,FAILED
hitag2-8-60-0-0x880693399044612-25-SAT-sc2013,SATISFIABLE,1329.53,FAILED,FAILED,FAILED,3210.14,FAILED,FAILED,FAILED,2518.72,FAILED,1167.86,FAILED,4205.72,1065.63,4075.98,2204.43,FAILED,1863.03,FAILED,FAILED,FAILED,FAILED,FAILED,FAILED
hwb-n26-01-S1957858365.shuffled-as.sat03-1622-sc2002,UNSATISFIABLE,FAILED,FAILED,FAILED,FAILED,918.30,1501.79,4137.76,FAILED,918.68,1495.70,1226.22,FAILED,375.73,537.39,308.45,548.34,505.66,541.07,423.63,2068.09,814.16,FAILED,364.56,FAILED
hwb-n26-03-S540351185.sat05-490.reshuffled-07-sc2007,UNSATISFIABLE,FAILED,FAILED,FAILED,FAILED,4383.17,2403.40,3935.13,FAILED,1410.38,2034.07,2776.81,FAILED,925.39,1010.46,803.57,1146.51,887.02,895.26,605.93,3025.80,4193.04,FAILED,734.92,FAILED
hwmcc10-timeframe-expansion-k45-pdtpmspalu-tseitin-sc2011,UNSATISFIABLE,FAILED,FAILED,FAILED,FAILED,FAILED,FAILED,FAILED,FAILED,999.33,656.99,661.31,FAILED,FAILED,FAILED,FAILED,1397.22,FAILED,FAILED,FAILED,FAILED,1260.21,FAILED,FAILED,FAILED
hwmcc15deep-6s516r-k18-sc2017,UNSATISFIABLE,3593.79,FAILED,FAILED,FAILED,FAILED,FAILED,FAILED,FAILED,2398.62,3188.41,2892.22,FAILED,FAILED,FAILED,FAILED,FAILED,FAILED,FAILED,FAILED,FAILED,FAILED,FAILED,FAILED,FAILED
hwmcc15deep-oski15a10b10s-k22-sc2017,UNSATISFIABLE,FAILED,FAILED,FAILED,FAILED,FAILED,FAILED,FAILED,FAILED,3180.89,4560.99,4060.56,FAILED,FAILED,FAILED,FAILED,FAILED,FAILED,FAILED,FAILED,FAILED,FAILED,FAILED,FAILED,FAILED
jgiraldezlevy.2200.9086.08.40.149-sr2015,SATISFIABLE,FAILED,FAILED,FAILED,FAILED,FAILED,3708.27,FAILED,FAILED,106.25,31.35,32.96,FAILED,FAILED,FAILED,FAILED,599.08,1090.01,1477.16,2396.97,FAILED,3020.29,FAILED,FAILED,FAILED
k_unsat-sc2013,UNKNOWN,FAILED,FAILED,FAILED,FAILED,FAILED,FAILED,FAILED,FAILED,FAILED,FAILED,FAILED,FAILED,FAILED,FAILED,FAILED,FAILED,FAILED,FAILED,FAILED,FAILED,FAILED,FAILED,FAILED,FAILED
knight_14,SATISFIABLE,FAILED,FAILED,FAILED,FAILED,FAILED,FAILED,FAILED,FAILED,35.40,91.10,96.65,FAILED,FAILED,FAILED,FAILED,FAILED,FAILED,FAILED,FAILED,FAILED,FAILED,FAILED,FAILED,FAILED
knight_16,SATISFIABLE,1552.59,FAILED,FAILED,2813.48,675.29,464.52,341.78,FAILED,700.05,946.31,863.74,FAILED,1305.92,1079.51,243.70,465.61,681.20,637.12,1442.19,262.26,1059.28,400.87,1262.45,3644.68
knight_18,SATISFIABLE,3035.77,FAILED,FAILED,FAILED,2249.39,1430.98,940.74,FAILED,1814.96,2007.12,1265.52,FAILED,3083.92,2803.07,1128.63,1354.78,1054.29,826.76,2981.05,1096.49,FAILED,3972.23,2989.54,FAILED
knight_20,SATISFIABLE,FAILED,FAILED,FAILED,FAILED,FAILED,3075.84,2660.23,FAILED,3404.69,4096.99,3189.18,FAILED,FAILED,FAILED,FAILED,3516.56,FAILED,FAILED,FAILED,1932.20,FAILED,FAILED,FAILED,FAILED
le450_15b.col.15-sc2018,UNKNOWN,FAILED,FAILED,FAILED,FAILED,FAILED,FAILED,FAILED,FAILED,FAILED,FAILED,FAILED,FAILED,FAILED,FAILED,FAILED,FAILED,FAILED,FAILED,FAILED,FAILED,FAILED,FAILED,FAILED,FAILED
li-exam-63.shuffled-as.sat03-368-sc2002,UNKNOWN,FAILED,FAILED,FAILED,FAILED,FAILED,FAILED,FAILED,FAILED,FAILED,FAILED,FAILED,FAILED,FAILED,FAILED,FAILED,FAILED,FAILED,FAILED,FAILED,FAILED,FAILED,FAILED,FAILED,FAILED
li-test4-99.shuffled-as.sat03-377-sc2002,UNKNOWN,FAILED,FAILED,FAILED,FAILED,FAILED,FAILED,FAILED,FAILED,FAILED,FAILED,FAILED,FAILED,FAILED,FAILED,FAILED,FAILED,FAILED,FAILED,FAILED,FAILED,FAILED,FAILED,FAILED,FAILED
manthey_DimacsSorter_37_3-sr2015,SATISFIABLE,FAILED,251.46,2948.54,FAILED,4259.55,FAILED,FAILED,FAILED,2235.11,106.27,104.40,1374.82,1369.91,FAILED,FAILED,2914.54,2871.05,FAILED,FAILED,FAILED,48.40,FAILED,FAILED,FAILED
manthey_single-ordered-initialized-w50-b7-sr2015,UNSATISFIABLE,2145.08,3422.31,FAILED,FAILED,1049.34,997.32,1234.39,FAILED,1448.18,1871.07,1838.49,FAILED,1912.96,2279.67,716.57,966.59,722.21,765.01,FAILED,1873.98,2046.51,FAILED,FAILED,FAILED
maxxor032-sc2011,UNSATISFIABLE,117.95,FAILED,FAILED,FAILED,593.49,1078.59,242.46,FAILED,46.52,51.85,55.02,FAILED,216.95,150.79,1551.28,48.33,251.84,395.74,FAILED,2662.55,688.36,FAILED,FAILED,FAILED
minxorminand128-sc2009,UNSATISFIABLE,2929.04,FAILED,FAILED,FAILED,4135.38,FAILED,FAILED,FAILED,1025.38,1210.22,1150.27,FAILED,FAILED,FAILED,3297.67,911.44,3030.07,2387.16,FAILED,3123.04,3271.05,FAILED,FAILED,FAILED
mod2c-3cage-unsat-10-2.sat05-2567.reshuffled-07-sc2007,UNSATISFIABLE,FAILED,FAILED,FAILED,FAILED,3483.62,1256.93,1044.30,FAILED,1010.90,1399.01,1412.73,FAILED,3.43,0.40,699.41,833.35,619.17,616.26,904.52,4453.96,FAILED,FAILED,1547.84,FAILED
mod2c-3cage-unsat-10-3.sat05-2568.reshuffled-07-sc2007,UNSATISFIABLE,FAILED,FAILED,FAILED,FAILED,1696.32,4491.56,914.49,FAILED,989.95,648.25,654.43,FAILED,3.36,0.44,401.91,781.71,542.78,553.18,961.45,4680.03,FAILED,FAILED,1952.80,FAILED
mod4block_2vars_10gates_u2_autoenc-sc2009,SATISFIABLE,4493.20,FAILED,FAILED,FAILED,FAILED,710.07,3653.32,FAILED,121.66,113.58,117.86,FAILED,2692.61,2163.95,FAILED,1429.98,FAILED,3860.99,FAILED,772.41,FAILED,FAILED,1813.31,FAILED
mrpp_6x6#12_24-sc2013,SATISFIABLE,47.65,FAILED,FAILED,FAILED,189.21,19.81,38.34,FAILED,6.76,20.11,21.84,FAILED,114.26,56.16,29.76,12.74,21.35,19.24,3714.94,301.05,2086.05,223.53,FAILED,FAILED
mrpp_8x8#20_24-sc2014,SATISFIABLE,2439.72,FAILED,FAILED,FAILED,FAILED,3034.65,4913.57,FAILED,133.36,68.53,71.61,FAILED,4266.20,2633.58,380.99,340.33,246.30,81.05,FAILED,FAILED,FAILED,FAILED,FAILED,FAILED
mulhs016-sc2009,UNKNOWN,FAILED,FAILED,FAILED,FAILED,FAILED,FAILED,FAILED,FAILED,FAILED,FAILED,FAILED,FAILED,FAILED,FAILED,FAILED,FAILED,FAILED,FAILED,FAILED,FAILED,FAILED,FAILED,FAILED,FAILED
ndhf_xits_16_UNKNOWN-sc2009,UNKNOWN,FAILED,FAILED,FAILED,FAILED,FAILED,FAILED,FAILED,FAILED,FAILED,FAILED,FAILED,FAILED,FAILED,FAILED,FAILED,FAILED,FAILED,FAILED,FAILED,FAILED,FAILED,FAILED,FAILED,FAILED
ndhf_xits_19_UNKNOWN-sc2011,SATISFIABLE,662.30,FAILED,FAILED,FAILED,FAILED,FAILED,FAILED,FAILED,265.76,55.66,56.95,FAILED,543.85,720.78,2513.82,340.13,978.51,4252.51,FAILED,233.40,FAILED,FAILED,FAILED,11.03
newton.2.3.i.smt2-cvc4-sc2016,UNSATISFIABLE,822.76,FAILED,FAILED,FAILED,1904.58,1013.57,513.02,FAILED,FAILED,FAILED,FAILED,FAILED,4521.82,1080.12,FAILED,1289.40,3091.69,2920.62,FAILED,FAILED,858.37,FAILED,FAILED,FAILED
par32-1-c.shuffled-as.sat03-1531-sc2002,SATISFIABLE,5.54,FAILED,FAILED,FAILED,FAILED,FAILED,FAILED,FAILED,FAILED,FAILED,FAILED,FAILED,FAILED,FAILED,FAILED,FAILED,FAILED,FAILED,FAILED,FAILED,FAILED,FAILED,FAILED,FAILED
partial-10-11-s-sc2007,SATISFIABLE,1766.07,FAILED,FAILED,FAILED,333.89,527.82,678.22,FAILED,783.51,42.69,189.35,FAILED,323.30,FAILED,2617.70,548.31,2702.46,2932.15,FAILED,FAILED,444.38,FAILED,FAILED,FAILED
partial-10-11-u-sc2007,UNKNOWN,FAILED,FAILED,FAILED,FAILED,FAILED,FAILED,FAILED,FAILED,FAILED,FAILED,FAILED,FAILED,FAILED,FAILED,FAILED,FAILED,FAILED,FAILED,FAILED,FAILED,FAILED,FAILED,FAILED,FAILED
partial-5-11-u-sc2007,UNKNOWN,FAILED,FAILED,FAILED,FAILED,FAILED,FAILED,FAILED,FAILED,FAILED,FAILED,FAILED,FAILED,FAILED,FAILED,FAILED,FAILED,FAILED,FAILED,FAILED,FAILED,FAILED,FAILED,FAILED,FAILED
partial-5-17-s-sc2007,SATISFIABLE,265.38,FAILED,FAILED,FAILED,2763.63,78.30,574.13,FAILED,1414.18,2571.74,516.94,FAILED,758.26,766.35,273.42,824.08,678.78,1730.48,FAILED,2604.67,2377.21,FAILED,FAILED,FAILED
partial-5-19-u-sc2007,UNKNOWN,FAILED,FAILED,FAILED,FAILED,FAILED,FAILED,FAILED,FAILED,FAILED,FAILED,FAILED,FAILED,FAILED,FAILED,FAILED,FAILED,FAILED,FAILED,FAILED,FAILED,FAILED,FAILED,FAILED,FAILED
pb_300_10_lb_08-sc2014,UNSATISFIABLE,1777.69,FAILED,FAILED,FAILED,651.55,2702.00,567.63,FAILED,133.78,151.51,169.30,FAILED,776.09,520.04,402.37,143.02,199.61,285.20,FAILED,FAILED,845.44,FAILED,FAILED,FAILED
ps_5000_21250_3_0_0.7_0_1.45_4-sc2017,UNKNOWN,FAILED,FAILED,FAILED,FAILED,FAILED,FAILED,FAILED,FAILED,FAILED,FAILED,FAILED,FAILED,FAILED,FAILED,FAILED,FAILED,FAILED,FAILED,FAILED,FAILED,FAILED,FAILED,FAILED,FAILED
ps_5000_21250_3_0_0.8_0_1.55_2-sc2017,UNSATISFIABLE,2335.05,FAILED,FAILED,FAILED,1538.46,1116.35,1251.07,FAILED,1379.10,2690.09,3270.46,FAILED,FAILED,4362.14,572.62,781.03,578.72,578.44,1500.11,4938.61,FAILED,FAILED,1813.78,FAILED
rbcl_xits_11_UNKNOWN-sc2009,UNKNOWN,FAILED,FAILED,FAILED,FAILED,FAILED,FAILED,FAILED,FAILED,FAILED,FAILED,FAILED,FAILED,FAILED,FAILED,FAILED,FAILED,FAILED,FAILED,FAILED,FAILED,FAILED,FAILED,FAILED,FAILED
rbcl_xits_13_UNKNOWN-sc2009,UNKNOWN,FAILED,FAILED,FAILED,FAILED,FAILED,FAILED,FAILED,FAILED,FAILED,FAILED,FAILED,FAILED,FAILED,FAILED,FAILED,FAILED,FAILED,FAILED,FAILED,FAILED,FAILED,FAILED,FAILED,FAILED
rbsat-v2100c215164g4-sc2011,UNKNOWN,FAILED,FAILED,FAILED,FAILED,FAILED,FAILED,FAILED,FAILED,FAILED,FAILED,FAILED,FAILED,FAILED,FAILED,FAILED,FAILED,FAILED,FAILED,FAILED,FAILED,FAILED,FAILED,FAILED,FAILED
rbsat-v2400c266431g5-sc2009,UNKNOWN,FAILED,FAILED,FAILED,FAILED,FAILED,FAILED,FAILED,FAILED,FAILED,FAILED,FAILED,FAILED,FAILED,FAILED,FAILED,FAILED,FAILED,FAILED,FAILED,FAILED,FAILED,FAILED,FAILED,FAILED
rbsat-v945c61409gyes9-sc2009,SATISFIABLE,5.98,2111.95,FAILED,FAILED,0.57,746.83,1251.48,FAILED,737.22,381.40,402.04,FAILED,384.02,616.28,405.91,156.19,367.59,305.80,957.10,112.82,100.69,FAILED,2962.72,FAILED
rphp5_100_shuffled-sc2016,UNKNOWN,FAILED,FAILED,FAILED,FAILED,FAILED,FAILED,FAILED,FAILED,FAILED,FAILED,FAILED,FAILED,FAILED,FAILED,FAILED,FAILED,FAILED,FAILED,FAILED,FAILED,FAILED,FAILED,FAILED,FAILED
rpoc_xits_11_UNKNOWN-sc2009,UNKNOWN,FAILED,FAILED,FAILED,FAILED,FAILED,FAILED,FAILED,FAILED,FAILED,FAILED,FAILED,FAILED,FAILED,FAILED,FAILED,FAILED,FAILED,FAILED,FAILED,FAILED,FAILED,FAILED,FAILED,FAILED
rpoc_xits_12_UNKNOWN-sc2009,UNKNOWN,FAILED,FAILED,FAILED,FAILED,FAILED,FAILED,FAILED,FAILED,FAILED,FAILED,FAILED,FAILED,FAILED,FAILED,FAILED,FAILED,FAILED,FAILED,FAILED,FAILED,FAILED,FAILED,FAILED,FAILED
rubikcube701-sc2017,UNSATISFIABLE,1815.03,FAILED,FAILED,FAILED,3399.63,414.62,639.95,FAILED,2250.38,4965.66,4854.82,FAILED,1057.99,1725.61,354.52,603.61,387.53,386.40,2074.43,1317.80,2138.39,FAILED,1488.76,FAILED
rubikcube912-sc2017,UNSATISFIABLE,FAILED,FAILED,FAILED,FAILED,FAILED,FAILED,FAILED,FAILED,FAILED,FAILED,FAILED,FAILED,FAILED,FAILED,1942.86,FAILED,2064.79,2525.33,FAILED,FAILED,FAILED,FAILED,FAILED,FAILED
safe-30-h29-unsat-sc2007,UNKNOWN,FAILED,FAILED,FAILED,FAILED,FAILED,FAILED,FAILED,FAILED,FAILED,FAILED,FAILED,FAILED,FAILED,FAILED,FAILED,FAILED,FAILED,FAILED,FAILED,FAILED,FAILED,FAILED,FAILED,FAILED
satcoin-genesis-SAT-10-sc2018,SATISFIABLE,FAILED,FAILED,7.69,4.20,8.31,FAILED,FAILED,2134.76,205.90,217.17,176.94,1.31,FAILED,FAILED,FAILED,9.44,6.32,6.26,2.38,FAILED,5.75,FAILED,4.99,3.13
sgen1-sat-180-100-sc2009,SATISFIABLE,FAILED,FAILED,47.75,FAILED,FAILED,FAILED,FAILED,FAILED,4246.83,FAILED,FAILED,FAILED,1927.50,FAILED,2221.71,2089.20,1644.24,1842.07,2482.87,799.12,FAILED,FAILED,688.99,FAILED
sgen1-unsat-109-100-sc2009,UNSATISFIABLE,FAILED,FAILED,FAILED,FAILED,FAILED,FAILED,FAILED,FAILED,FAILED,FAILED,FAILED,FAILED,FAILED,0.01,FAILED,FAILED,FAILED,FAILED,FAILED,FAILED,FAILED,FAILED,FAILED,FAILED
sha1r17m145ABCD,SATISFIABLE,FAILED,FAILED,FAILED,FAILED,4400.04,897.65,1407.83,FAILED,153.26,4364.39,4611.18,FAILED,1150.07,FAILED,1149.67,1215.38,1024.55,3410.93,2536.79,24.56,2959.47,FAILED,2029.84,FAILED
sha1r17m145ABCD_p,SATISFIABLE,FAILED,FAILED,FAILED,FAILED,1936.24,1513.22,2438.75,FAILED,988.20,FAILED,610.96,FAILED,FAILED,3220.33,FAILED,1731.58,57.78,3299.52,3729.69,2156.00,FAILED,FAILED,1405.02,FAILED
sha1r17m146ABCD,SATISFIABLE,968.82,FAILED,FAILED,FAILED,FAILED,914.36,1536.15,FAILED,1842.98,2919.48,586.78,FAILED,1799.05,4945.04,2280.89,2619.01,3323.37,2095.72,4103.04,693.68,172.93,FAILED,2310.02,FAILED
sha1r17m146ABCD_p,SATISFIABLE,2448.12,FAILED,FAILED,FAILED,2457.29,108.52,1946.18,FAILED,233.38,3174.84,549.30,FAILED,558.40,FAILED,273.15,3028.71,79.45,2640.91,3330.45,3651.93,3543.81,FAILED,82.67,FAILED
sha1r17m147ABCD,SATISFIABLE,2571.14,FAILED,FAILED,FAILED,3664.67,300.57,1239.88,FAILED,1439.82,679.19,850.12,FAILED,4069.71,2186.97,4318.96,1441.74,3794.11,4736.21,2535.63,3889.50,FAILED,4623.29,2497.28,FAILED
sha1r17m147ABCD_p,SATISFIABLE,1717.20,FAILED,FAILED,FAILED,3955.78,2988.95,926.85,FAILED,610.06,1768.32,4223.50,FAILED,FAILED,FAILED,1711.28,1904.96,394.72,910.99,862.81,1295.07,FAILED,FAILED,916.61,FAILED
sha1r17m148ABCD,SATISFIABLE,1286.73,FAILED,FAILED,FAILED,FAILED,649.83,FAILED,FAILED,2397.57,3975.30,FAILED,FAILED,791.57,1290.94,3760.52,455.24,58.19,412.01,1277.93,1640.35,3621.84,FAILED,4367.09,FAILED
sha1r17m148ABCD_p,SATISFIABLE,FAILED,FAILED,FAILED,FAILED,4008.60,151.89,1897.30,FAILED,938.30,968.43,90.58,FAILED,3386.87,115.82,FAILED,3960.75,4303.77,1797.98,1797.95,131.09,1173.46,3225.88,977.65,FAILED
sha1r17m149ABCD,SATISFIABLE,FAILED,FAILED,FAILED,FAILED,365.21,1507.13,1646.54,FAILED,1843.80,2202.11,4438.43,FAILED,2801.30,1057.02,512.84,1004.58,1810.58,4714.64,1004.13,387.88,FAILED,FAILED,90.08,FAILED
sha1r17m149ABCD_p,SATISFIABLE,2417.21,FAILED,FAILED,FAILED,538.60,62.25,1992.86,FAILED,1547.84,2184.08,159.26,FAILED,FAILED,147.81,800.79,1889.66,2608.20,4046.98,224.23,345.74,40.86,FAILED,667.98,FAILED
sha1r17m63a,SATISFIABLE,1071.64,FAILED,FAILED,FAILED,2246.71,348.11,3492.82,FAILED,73.38,319.89,442.77,FAILED,142.17,962.92,1114.57,532.61,632.82,656.23,1351.38,2342.75,736.93,FAILED,3516.98,FAILED
sha1r17m63a_p,SATISFIABLE,1159.15,FAILED,FAILED,FAILED,1229.26,862.65,3292.64,FAILED,184.24,152.51,14.53,FAILED,314.61,905.45,129.44,576.30,433.16,524.28,109.00,157.55,FAILED,41.43,61.83,FAILED
sha1r17m66a,SATISFIABLE,2359.79,FAILED,FAILED,FAILED,642.54,269.83,251.05,FAILED,189.41,63.33,17.91,FAILED,1211.63,98.65,594.63,555.23,74.08,192.87,1017.08,3355.96,3770.38,FAILED,17.47,FAILED
sha1r17m66a_p,SATISFIABLE,1606.29,FAILED,FAILED,FAILED,1618.49,389.56,1033.98,FAILED,155.10,100.85,294.00,FAILED,1035.51,1534.52,756.53,309.05,800.44,621.70,1477.37,280.27,1296.66,4748.96,1559.20,FAILED
sha1r17m67a,SATISFIABLE,117.47,FAILED,FAILED,FAILED,1668.95,1433.22,985.77,FAILED,482.23,638.65,549.38,FAILED,192.27,2238.76,1156.58,795.87,133.31,830.80,86.58,1189.63,FAILED,FAILED,1465.49,FAILED
sha1r17m67a_p,SATISFIABLE,1924.45,12.92,FAILED,FAILED,948.26,1058.38,926.76,FAILED,290.38,187.72,238.45,FAILED,225.15,211.02,534.54,38.19,253.39,110.86,482.46,447.72,86.89,FAILED,1869.68,FAILED
sha1r17m72a,SATISFIABLE,2587.77,FAILED,FAILED,FAILED,519.67,945.74,830.53,FAILED,391.07,1066.11,70.45,FAILED,1101.37,780.38,220.73,572.48,1146.35,67.50,4768.72,1564.09,1526.34,FAILED,1916.91,FAILED
sha1r17m72a_p,SATISFIABLE,1146.76,FAILED,FAILED,FAILED,2424.54,1372.04,2057.18,FAILED,315.44,314.53,54.81,FAILED,1167.46,2169.29,519.60,357.10,152.95,276.66,1247.27,1561.60,FAILED,FAILED,440.22,3883.00
sha1r17m75a,SATISFIABLE,601.04,4447.98,FAILED,4564.22,1224.98,FAILED,971.48,FAILED,472.91,100.65,344.15,FAILED,2341.78,304.69,925.83,729.35,434.73,213.21,1747.36,2302.84,143.79,FAILED,1207.47,FAILED
sha1r17m75a_p,SATISFIABLE,432.95,FAILED,FAILED,FAILED,2107.02,1765.10,423.53,FAILED,426.76,376.32,870.38,FAILED,1551.12,752.35,278.20,756.28,299.68,135.83,785.37,954.26,529.53,132.49,2645.64,FAILED
sha2.shuffled-as.sat03-442-sc2002,UNKNOWN,FAILED,FAILED,FAILED,FAILED,FAILED,FAILED,FAILED,FAILED,FAILED,FAILED,FAILED,FAILED,FAILED,FAILED,FAILED,FAILED,FAILED,FAILED,FAILED,FAILED,FAILED,FAILED,FAILED,FAILED
sin.c.75.smt2-cvc4-sc2016,UNKNOWN,FAILED,FAILED,FAILED,FAILED,FAILED,FAILED,FAILED,FAILED,FAILED,FAILED,FAILED,FAILED,FAILED,FAILED,FAILED,FAILED,FAILED,FAILED,FAILED,FAILED,FAILED,FAILED,FAILED,FAILED
size_4_4_4_i0418_r8,UNSATISFIABLE,551.07,FAILED,FAILED,FAILED,1100.81,3390.69,1597.31,FAILED,226.16,345.24,329.59,FAILED,1001.83,1489.99,772.45,427.85,337.57,358.06,1616.65,3986.02,3298.23,FAILED,2229.33,FAILED
size_4_4_4_i0566_r8,UNSATISFIABLE,569.45,FAILED,FAILED,FAILED,3140.79,4347.57,2254.18,FAILED,356.86,567.24,597.63,FAILED,2738.92,2911.91,825.49,1005.13,910.40,968.85,1776.79,FAILED,FAILED,FAILED,3603.30,FAILED
size_4_4_4_i2704_r8,UNSATISFIABLE,755.15,FAILED,FAILED,FAILED,1820.22,4299.61,3286.15,FAILED,364.33,503.68,510.15,FAILED,1868.76,1724.61,597.48,632.94,755.44,465.97,1750.29,4286.87,FAILED,FAILED,3176.09,FAILED
size_4_4_4_i3499_r8,UNSATISFIABLE,706.92,FAILED,FAILED,FAILED,2581.99,1174.35,2351.40,FAILED,334.45,422.97,442.65,FAILED,837.24,2246.92,819.10,512.87,278.10,281.40,1578.91,4106.52,4351.82,FAILED,3259.89,FAILED
size_4_4_4_i4096_r8,UNSATISFIABLE,631.03,FAILED,FAILED,FAILED,1184.85,2099.68,1581.08,FAILED,287.52,378.42,421.60,FAILED,790.78,1034.92,362.16,699.53,639.23,640.70,1761.31,4424.42,FAILED,FAILED,2624.88,FAILED
size_4_4_4_i4295_r8,UNSATISFIABLE,711.19,FAILED,FAILED,FAILED,758.58,1915.06,1482.14,FAILED,185.50,270.20,272.27,FAILED,1008.87,1027.69,238.45,262.92,183.20,210.84,1266.27,FAILED,2136.57,FAILED,2150.73,FAILED
size_4_4_4_i4473_r8,UNSATISFIABLE,618.53,FAILED,FAILED,FAILED,1452.33,657.79,1408.12,FAILED,223.54,327.05,366.86,FAILED,873.56,1285.41,320.60,324.12,622.74,672.71,1487.06,3976.29,3078.34,FAILED,1453.20,FAILED
size_4_4_4_i4828_r8,UNSATISFIABLE,600.62,FAILED,FAILED,FAILED,2492.50,2222.27,2476.32,FAILED,354.15,451.25,449.58,FAILED,1750.04,2323.01,807.13,910.33,668.95,678.48,2297.30,FAILED,FAILED,FAILED,3147.30,FAILED
size_5_5_5_i003_r12,SATISFIABLE,FAILED,FAILED,FAILED,FAILED,FAILED,FAILED,FAILED,FAILED,1125.23,3668.49,226.06,FAILED,FAILED,FAILED,FAILED,FAILED,FAILED,FAILED,FAILED,FAILED,FAILED,FAILED,FAILED,FAILED
size_5_5_5_i044_r12,SATISFIABLE,FAILED,FAILED,FAILED,FAILED,FAILED,FAILED,FAILED,FAILED,657.09,4866.25,19.57,FAILED,FAILED,FAILED,FAILED,FAILED,FAILED,FAILED,51.62,FAILED,FAILED,FAILED,FAILED,FAILED
size_5_5_5_i063_r12,SATISFIABLE,FAILED,FAILED,FAILED,FAILED,FAILED,2940.10,850.73,FAILED,268.34,141.49,160.09,FAILED,FAILED,FAILED,FAILED,FAILED,FAILED,FAILED,231.72,FAILED,FAILED,FAILED,FAILED,FAILED
size_5_5_5_i116_r12,SATISFIABLE,FAILED,646.26,FAILED,FAILED,4203.58,3563.13,FAILED,FAILED,12.85,13.12,184.46,232.46,FAILED,3030.58,FAILED,FAILED,FAILED,FAILED,FAILED,FAILED,FAILED,FAILED,15.86,FAILED
size_5_5_5_i171_r12,SATISFIABLE,4417.34,FAILED,FAILED,FAILED,FAILED,FAILED,FAILED,FAILED,176.37,716.84,710.82,FAILED,FAILED,FAILED,991.36,1149.45,FAILED,FAILED,765.47,FAILED,458.41,FAILED,FAILED,FAILED
size_5_5_5_i198_r12,SATISFIABLE,FAILED,FAILED,FAILED,FAILED,FAILED,FAILED,4678.23,FAILED,FAILED,1352.58,325.79,FAILED,FAILED,FAILED,FAILED,FAILED,FAILED,FAILED,FAILED,FAILED,FAILED,FAILED,1159.43,FAILED
size_5_5_5_i218_r12,SATISFIABLE,FAILED,4823.72,FAILED,FAILED,FAILED,FAILED,FAILED,FAILED,15.77,177.20,45.86,FAILED,FAILED,858.47,FAILED,FAILED,FAILED,FAILED,3.07,FAILED,FAILED,2823.36,36.00,FAILED
size_5_5_5_i223_r12,SATISFIABLE,46.36,FAILED,FAILED,FAILED,FAILED,FAILED,FAILED,FAILED,256.99,436.03,303.38,FAILED,FAILED,FAILED,FAILED,2295.97,FAILED,90.41,FAILED,4602.87,FAILED,FAILED,FAILED,FAILED
size_5_5_5_i235_r12,SATISFIABLE,FAILED,FAILED,FAILED,FAILED,FAILED,2776.40,FAILED,FAILED,173.52,544.35,195.99,FAILED,FAILED,FAILED,FAILED,FAILED,FAILED,FAILED,FAILED,FAILED,FAILED,FAILED,FAILED,FAILED
size_5_5_5_i251_r12,SATISFIABLE,FAILED,FAILED,FAILED,FAILED,FAILED,FAILED,FAILED,FAILED,344.20,585.70,595.61,FAILED,FAILED,FAILED,2202.70,FAILED,FAILED,FAILED,1660.09,FAILED,FAILED,FAILED,FAILED,FAILED
size_5_5_5_i260_r12,SATISFIABLE,FAILED,FAILED,FAILED,FAILED,3721.69,FAILED,FAILED,FAILED,597.06,2351.98,595.47,FAILED,FAILED,FAILED,FAILED,FAILED,1807.26,FAILED,872.71,FAILED,FAILED,190.70,FAILED,FAILED
size_5_5_5_i272_r12,SATISFIABLE,FAILED,FAILED,FAILED,FAILED,3259.63,FAILED,FAILED,FAILED,1429.83,FAILED,117.30,FAILED,FAILED,FAILED,FAILED,FAILED,FAILED,FAILED,FAILED,FAILED,FAILED,FAILED,FAILED,FAILED
slp-synthesis-aes-bottom13-sc2011,UNSATISFIABLE,38.21,FAILED,FAILED,2549.59,165.87,545.01,1518.36,FAILED,50.99,40.96,47.09,FAILED,2927.70,2249.77,149.96,446.32,407.47,1263.06,634.58,1419.43,743.52,FAILED,548.54,FAILED
slp-synthesis-aes-bottom18-sc2011,UNKNOWN,FAILED,FAILED,FAILED,FAILED,FAILED,FAILED,FAILED,FAILED,FAILED,FAILED,FAILED,FAILED,FAILED,FAILED,FAILED,FAILED,FAILED,FAILED,FAILED,FAILED,FAILED,FAILED,FAILED,FAILED
slp-synthesis-aes-bottom22-sc2011,UNKNOWN,FAILED,FAILED,FAILED,FAILED,FAILED,FAILED,FAILED,FAILED,FAILED,FAILED,FAILED,FAILED,FAILED,FAILED,FAILED,FAILED,FAILED,FAILED,FAILED,FAILED,FAILED,FAILED,FAILED,FAILED
slp-synthesis-aes-bottom26-sc2011,UNKNOWN,FAILED,FAILED,FAILED,FAILED,FAILED,FAILED,FAILED,FAILED,FAILED,FAILED,FAILED,FAILED,FAILED,FAILED,FAILED,FAILED,FAILED,FAILED,FAILED,FAILED,FAILED,FAILED,FAILED,FAILED
slp-synthesis-aes-top21-sc2011,UNSATISFIABLE,FAILED,FAILED,FAILED,FAILED,FAILED,FAILED,FAILED,FAILED,4560.66,FAILED,FAILED,FAILED,FAILED,FAILED,FAILED,FAILED,FAILED,FAILED,FAILED,FAILED,FAILED,FAILED,FAILED,FAILED
slp-synthesis-aes-top26-sc2011,SATISFIABLE,FAILED,FAILED,FAILED,FAILED,FAILED,FAILED,4645.38,FAILED,97.96,433.60,55.85,FAILED,FAILED,2864.59,FAILED,376.67,815.93,315.81,2260.74,1835.31,FAILED,485.08,3166.52,FAILED
smtlib-qfbv-aigs-countbits128-tseitin-sc2011,UNSATISFIABLE,2506.45,FAILED,FAILED,FAILED,FAILED,FAILED,3350.56,FAILED,1393.40,2110.02,2193.16,FAILED,FAILED,FAILED,FAILED,3299.89,4364.86,4818.02,FAILED,FAILED,FAILED,FAILED,FAILED,FAILED
smulo032-sc2012,UNSATISFIABLE,784.02,FAILED,FAILED,FAILED,FAILED,1962.97,1568.05,FAILED,142.66,170.84,186.01,FAILED,2386.95,1738.85,1567.51,670.25,722.04,1273.37,FAILED,FAILED,1341.44,FAILED,FAILED,FAILED
snw_13_8_pre-sc2016,UNSATISFIABLE,1785.20,FAILED,FAILED,FAILED,2713.39,2413.13,3114.42,FAILED,2567.78,3583.09,3357.12,FAILED,FAILED,4724.77,1199.83,1766.57,1344.83,1524.04,FAILED,1457.91,FAILED,FAILED,FAILED,FAILED
snw_16_8_nopre-sc2016,UNSATISFIABLE,FAILED,FAILED,FAILED,FAILED,FAILED,FAILED,FAILED,FAILED,4919.68,FAILED,FAILED,FAILED,FAILED,FAILED,4165.27,FAILED,3915.09,4903.73,FAILED,2245.93,FAILED,FAILED,FAILED,FAILED
snw_16_8_pre-sc2016,UNSATISFIABLE,4729.28,FAILED,FAILED,FAILED,FAILED,4593.03,FAILED,FAILED,4844.61,FAILED,FAILED,FAILED,FAILED,FAILED,4110.81,4728.54,3406.95,4460.01,FAILED,2102.11,FAILED,FAILED,FAILED,FAILED
sokoban-p16.sas.ex.15-sc2016,UNSATISFIABLE,1458.14,FAILED,FAILED,FAILED,FAILED,FAILED,FAILED,FAILED,1502.01,1733.74,1379.59,FAILED,3264.49,3081.26,2013.76,1336.30,1123.77,1376.50,FAILED,3811.88,746.20,FAILED,FAILED,FAILED
sokoban-p16.sas.ex.19-sc2016,UNKNOWN,FAILED,FAILED,FAILED,FAILED,FAILED,FAILED,FAILED,FAILED,FAILED,FAILED,FAILED,FAILED,FAILED,FAILED,FAILED,FAILED,FAILED,FAILED,FAILED,FAILED,FAILED,FAILED,FAILED,FAILED
sokoban-p16.sas.ex.21-sc2016,UNKNOWN,FAILED,FAILED,FAILED,FAILED,FAILED,FAILED,FAILED,FAILED,FAILED,FAILED,FAILED,FAILED,FAILED,FAILED,FAILED,FAILED,FAILED,FAILED,FAILED,FAILED,FAILED,FAILED,FAILED,FAILED
sokoban-p16.sas.ex.23-sc2016,UNKNOWN,FAILED,FAILED,FAILED,FAILED,FAILED,FAILED,FAILED,FAILED,FAILED,FAILED,FAILED,FAILED,FAILED,FAILED,FAILED,FAILED,FAILED,FAILED,FAILED,FAILED,FAILED,FAILED,FAILED,FAILED
sokoban-p20.sas.cr.35-sc2016,UNKNOWN,FAILED,FAILED,FAILED,FAILED,FAILED,FAILED,FAILED,FAILED,FAILED,FAILED,FAILED,FAILED,FAILED,FAILED,FAILED,FAILED,FAILED,FAILED,FAILED,FAILED,FAILED,FAILED,FAILED,FAILED
sokoban-p20.sas.ex.15-sc2016,UNKNOWN,FAILED,FAILED,FAILED,FAILED,FAILED,FAILED,FAILED,FAILED,FAILED,FAILED,FAILED,FAILED,FAILED,FAILED,FAILED,FAILED,FAILED,FAILED,FAILED,FAILED,FAILED,FAILED,FAILED,FAILED
sokoban-p20.sas.ex.17-sc2016,UNKNOWN,FAILED,FAILED,FAILED,FAILED,FAILED,FAILED,FAILED,FAILED,FAILED,FAILED,FAILED,FAILED,FAILED,FAILED,FAILED,FAILED,FAILED,FAILED,FAILED,FAILED,FAILED,FAILED,FAILED,FAILED
sokoban-p20.sas.ex.23-sc2016,UNKNOWN,FAILED,FAILED,FAILED,FAILED,FAILED,FAILED,FAILED,FAILED,FAILED,FAILED,FAILED,FAILED,FAILED,FAILED,FAILED,FAILED,FAILED,FAILED,FAILED,FAILED,FAILED,FAILED,FAILED,FAILED
squ_ali_s10x10_c39_abix_SAT-sc2017,SATISFIABLE,122.96,FAILED,FAILED,FAILED,1081.67,768.59,226.85,FAILED,147.05,85.71,54.81,FAILED,97.97,FAILED,120.81,767.57,304.94,148.45,573.53,214.57,610.44,820.05,630.08,FAILED
squ_any_s09x07_c27_abio_UNS-sc2017,UNSATISFIABLE,1654.03,FAILED,FAILED,FAILED,1861.01,1677.54,1379.77,FAILED,1369.45,2730.18,1988.70,FAILED,3613.03,2731.06,313.54,501.20,358.70,365.23,959.91,2289.38,FAILED,FAILED,1149.16,FAILED
srhd-sgi-m62-q1504.5-n60-p30-s88600538-sc2011,UNKNOWN,FAILED,FAILED,FAILED,FAILED,FAILED,FAILED,FAILED,FAILED,FAILED,FAILED,FAILED,FAILED,FAILED,FAILED,FAILED,FAILED,FAILED,FAILED,FAILED,FAILED,FAILED,FAILED,FAILED,FAILED
stable-400-0.1-4-9876543214004-sc2014,SATISFIABLE,FAILED,FAILED,FAILED,FAILED,FAILED,FAILED,FAILED,FAILED,FAILED,FAILED,401.67,FAILED,FAILED,FAILED,FAILED,FAILED,FAILED,FAILED,FAILED,FAILED,FAILED,FAILED,FAILED,FAILED
sted1_0x0-380-sc2018,UNKNOWN,FAILED,FAILED,FAILED,FAILED,FAILED,FAILED,FAILED,FAILED,FAILED,FAILED,FAILED,FAILED,FAILED,FAILED,FAILED,FAILED,FAILED,FAILED,FAILED,FAILED,FAILED,FAILED,FAILED,FAILED
stone-width3chain-nmarkers-20_shuffled-sc2016,UNSATISFIABLE,2756.48,FAILED,FAILED,FAILED,FAILED,2584.65,2384.75,FAILED,FAILED,FAILED,FAILED,FAILED,FAILED,FAILED,FAILED,FAILED,FAILED,FAILED,FAILED,FAILED,FAILED,FAILED,FAILED,FAILED
sv-comp19_prop-reachsafety.25_stack_longest_false-unreach-call.i-witness,SATISFIABLE,65.91,FAILED,FAILED,FAILED,FAILED,65.20,60.76,FAILED,21.31,22.24,24.34,401.95,110.98,4124.12,1112.18,1335.37,1624.41,1509.43,719.61,1006.27,FAILED,FAILED,FAILED,FAILED
sv-comp19_prop-reachsafety.26_stack_cas_longer_false-unreach-call.i-witness,SATISFIABLE,85.31,FAILED,FAILED,FAILED,294.62,18.63,97.24,FAILED,28.18,30.36,31.17,114.27,83.15,1110.05,229.69,430.50,455.87,484.46,388.98,220.95,FAILED,FAILED,2005.71,FAILED
sv-comp19_prop-reachsafety.barrier_3t_true-unreach-call.i-witness,SATISFIABLE,FAILED,FAILED,FAILED,FAILED,FAILED,2046.53,FAILED,FAILED,2226.61,3178.35,2027.81,FAILED,619.60,389.90,395.50,457.23,421.83,494.37,FAILED,361.90,FAILED,FAILED,2832.80,FAILED
sv-comp19_prop-reachsafety.fib_bench_longest_false-unreach-call.i-witness,SATISFIABLE,1272.36,FAILED,FAILED,FAILED,1452.95,1828.87,899.14,FAILED,209.67,323.97,368.26,FAILED,1358.10,1249.16,1176.70,333.13,550.99,2035.54,584.66,349.90,1042.96,1588.25,1605.35,FAILED
sv-comp19_prop-reachsafety.newton_2_2_true-unreach-call_true-termination.i-witness,UNSATISFIABLE,466.63,FAILED,FAILED,FAILED,624.74,51.83,44.04,FAILED,573.16,427.45,290.68,FAILED,610.96,236.62,108.31,109.85,178.17,162.60,1958.67,322.31,524.60,915.12,FAILED,FAILED
sv-comp19_prop-reachsafety.newton_2_3_true-unreach-call_true-termination.i-witness,UNSATISFIABLE,412.11,3224.66,FAILED,FAILED,391.44,63.56,42.39,FAILED,189.90,325.50,331.68,FAILED,712.06,374.83,168.66,113.16,180.95,161.38,4309.35,333.62,511.52,845.56,FAILED,4335.64
sv-comp19_prop-reachsafety.newton_2_4_true-unreach-call_true-termination.i-witness,UNSATISFIABLE,610.11,4861.74,FAILED,FAILED,436.02,52.96,62.63,FAILED,381.68,237.25,282.25,FAILED,782.32,466.70,159.14,128.01,309.49,184.45,1647.61,620.60,463.69,1575.64,FAILED,4582.23
sv-comp19_prop-reachsafety.newton_2_6_false-unreach-call_true-termination.i-witness,SATISFIABLE,192.96,FAILED,FAILED,1937.29,200.75,38.97,58.72,FAILED,44.98,36.63,39.54,FAILED,324.03,813.86,96.28,59.45,124.38,104.16,996.42,62.41,85.53,18.03,1938.45,FAILED
sv-comp19_prop-reachsafety.newton_2_8_false-unreach-call_true-termination.i-witness,SATISFIABLE,345.47,FAILED,FAILED,1594.72,310.70,40.67,17.82,FAILED,31.73,63.09,108.83,FAILED,246.32,289.37,52.00,50.06,74.76,40.98,587.03,104.18,25.26,137.02,4091.14,FAILED
sv-comp19_prop-reachsafety.newton_3_6_false-unreach-call_true-termination.i-witness,SATISFIABLE,891.89,FAILED,FAILED,FAILED,476.45,199.02,119.82,FAILED,397.55,824.35,244.33,FAILED,1141.65,971.54,1093.02,158.01,987.33,1724.83,FAILED,741.81,211.86,FAILED,FAILED,FAILED
sv-comp19_prop-reachsafety.newton_3_7_false-unreach-call_true-termination.i-witness,SATISFIABLE,258.93,FAILED,FAILED,FAILED,247.50,87.92,139.14,FAILED,426.99,126.36,107.79,FAILED,465.66,253.13,238.61,68.94,410.47,737.94,639.98,132.09,151.69,1094.75,FAILED,FAILED
sv-comp19_prop-reachsafety.newton_3_8_false-unreach-call_true-termination.i-witness,SATISFIABLE,631.38,FAILED,FAILED,FAILED,312.69,18.44,74.25,FAILED,59.08,189.55,216.28,FAILED,1454.29,520.98,243.59,96.94,178.50,90.65,FAILED,200.92,44.09,276.23,3872.77,FAILED
sv-comp19_prop-reachsafety.queue_longer_false-unreach-call.i-witness,SATISFIABLE,159.05,FAILED,FAILED,FAILED,FAILED,107.80,59.88,FAILED,185.89,349.89,168.12,FAILED,765.22,4819.92,1022.96,1261.87,1388.85,1245.14,65.24,985.99,FAILED,FAILED,FAILED,FAILED
sv-comp19_prop-reachsafety.race-4_2-thread_local_vars_false-unreach-call.i-witness,SATISFIABLE,220.05,FAILED,FAILED,2684.67,3030.78,1511.25,1525.75,FAILED,17.14,34.55,36.40,333.23,107.74,93.72,231.58,360.23,403.47,393.25,221.59,203.31,920.62,1761.11,1815.00,2219.23
sv-comp19_prop-reachsafety.sigma_false-unreach-call.i-witness,SATISFIABLE,FAILED,FAILED,FAILED,FAILED,2554.29,2057.00,1981.03,FAILED,388.93,1170.00,528.79,FAILED,752.09,1861.65,216.45,414.30,303.74,290.33,FAILED,201.16,FAILED,FAILED,978.22,FAILED
sv-comp19_prop-reachsafety.sine_8_true-unreach-call_true-termination.i-witness,UNSATISFIABLE,47.51,2.36,FAILED,FAILED,17.16,2.25,2.14,FAILED,109.28,16.54,9.75,FAILED,92.97,34.93,3.73,24.16,24.28,26.39,6.42,4.00,9.76,15.49,8.43,40.13
sv-comp19_prop-reachsafety.square_5_true-unreach-call_true-termination.i-witness,UNSATISFIABLE,180.41,2224.03,FAILED,FAILED,79.61,470.16,471.10,FAILED,204.68,148.51,149.45,FAILED,268.08,137.15,34.36,57.71,55.79,32.68,394.76,262.77,149.57,505.13,450.85,392.19
sv-comp19_prop-reachsafety.triangular-longer_false-unreach-call.i-witness,SATISFIABLE,611.19,4055.38,FAILED,FAILED,39.53,583.19,460.58,FAILED,957.96,196.04,233.54,FAILED,1956.87,FAILED,1841.02,452.51,604.57,1508.90,891.80,237.77,FAILED,456.13,1083.65,FAILED
test_v7_r12_vr10_c1_s18160.smt2-stp212-sc2016,UNKNOWN,FAILED,FAILED,FAILED,FAILED,FAILED,FAILED,FAILED,FAILED,FAILED,FAILED,FAILED,FAILED,FAILED,FAILED,FAILED,FAILED,FAILED,FAILED,FAILED,FAILED,FAILED,FAILED,FAILED,FAILED
total-10-15-s-sc2007,SATISFIABLE,47.64,FAILED,FAILED,903.00,283.40,65.89,28.85,FAILED,160.41,143.82,152.16,FAILED,71.79,74.47,2515.51,79.17,118.27,2622.81,FAILED,11.29,77.11,532.74,FAILED,89.08
total-10-15-u-sc2007,UNKNOWN,FAILED,FAILED,FAILED,FAILED,FAILED,FAILED,FAILED,FAILED,FAILED,FAILED,FAILED,FAILED,FAILED,FAILED,FAILED,FAILED,FAILED,FAILED,FAILED,FAILED,FAILED,FAILED,FAILED,FAILED
toughsat_22bits_0,SATISFIABLE,600.29,FAILED,FAILED,875.36,317.39,80.60,268.11,FAILED,88.71,103.04,65.34,368.76,299.18,373.54,188.36,26.89,69.97,169.15,62.03,128.90,222.46,200.97,71.72,2682.84
toughsat_22bits_1,SATISFIABLE,26.99,1492.81,FAILED,179.01,59.70,84.46,47.26,FAILED,40.86,58.91,19.22,31.42,130.68,128.36,46.06,42.48,58.09,54.53,74.66,62.15,68.39,30.42,41.36,99.34
toughsat_23bits_0,SATISFIABLE,213.15,4888.58,FAILED,587.79,179.60,152.00,250.28,FAILED,91.08,233.56,144.60,1584.63,235.20,138.55,44.40,129.17,186.42,71.80,327.21,162.61,326.73,233.60,83.65,3792.96
toughsat_23bits_1,SATISFIABLE,329.43,FAILED,FAILED,479.89,548.77,196.67,34.20,FAILED,253.20,239.61,287.10,1364.45,61.13,441.45,60.73,221.82,97.30,127.79,222.86,148.02,235.36,508.98,66.42,FAILED
toughsat_23bits_2,SATISFIABLE,771.55,FAILED,FAILED,FAILED,342.71,736.44,347.60,FAILED,276.18,454.06,378.78,2385.80,538.85,406.81,344.98,125.01,358.55,149.08,40.32,1233.80,438.96,1733.98,647.19,1527.85
toughsat_23bits_3,SATISFIABLE,619.69,FAILED,FAILED,4296.01,484.69,694.34,624.76,FAILED,213.22,578.37,483.57,347.83,550.36,1289.49,264.23,142.18,146.04,84.60,36.38,813.95,373.83,1399.04,968.00,FAILED
toughsat_24bits_0,SATISFIABLE,185.25,FAILED,FAILED,FAILED,956.70,211.57,104.78,FAILED,246.33,134.76,528.97,1678.36,618.35,918.04,67.72,132.86,69.39,129.92,105.89,277.40,440.78,634.60,277.92,FAILED
toughsat_24bits_1,SATISFIABLE,22.64,FAILED,FAILED,4490.63,335.85,1114.39,84.15,FAILED,248.51,146.41,361.01,939.05,129.68,665.52,391.11,98.10,245.03,69.77,64.25,149.03,918.61,1756.25,210.16,FAILED
toughsat_24bits_2,SATISFIABLE,764.77,FAILED,FAILED,3663.29,588.56,91.05,139.56,FAILED,92.37,502.23,223.23,FAILED,23.67,801.72,114.98,296.68,39.84,191.54,180.37,26.73,269.83,817.25,320.12,FAILED
toughsat_24bits_3,SATISFIABLE,1409.25,FAILED,FAILED,2285.55,322.82,70.53,376.98,FAILED,671.21,423.84,699.50,FAILED,946.67,1290.17,679.80,37.28,333.89,406.84,1483.07,205.75,857.95,2786.34,1156.27,FAILED
toughsat_25bits_0,SATISFIABLE,1548.81,FAILED,FAILED,FAILED,1635.78,1670.54,554.97,FAILED,630.23,700.90,76.35,FAILED,1523.78,2715.20,139.13,235.24,132.88,40.92,693.41,1046.62,650.78,3521.99,1606.49,FAILED
toughsat_25bits_1,SATISFIABLE,344.12,FAILED,FAILED,FAILED,3599.12,142.14,1270.66,FAILED,788.60,1434.85,680.71,FAILED,2120.73,FAILED,457.20,325.88,761.15,381.54,FAILED,58.29,1750.06,FAILED,4260.03,FAILED
toughsat_25bits_2,SATISFIABLE,43.64,FAILED,FAILED,FAILED,706.21,965.02,1696.17,FAILED,62.27,702.69,859.01,FAILED,3002.60,2190.15,762.04,439.32,360.79,426.74,297.64,2275.25,693.76,3455.53,852.65,2494.15
toughsat_25bits_3,SATISFIABLE,811.16,4002.89,FAILED,FAILED,1000.30,1159.91,192.58,FAILED,327.40,160.86,832.07,FAILED,220.64,1259.18,167.02,230.48,476.78,112.80,1653.13,2223.85,920.11,FAILED,1660.35,FAILED
toughsat_26bits_0,SATISFIABLE,3479.63,FAILED,FAILED,FAILED,1348.11,1897.78,FAILED,FAILED,3417.53,2676.99,1649.95,FAILED,99.64,453.47,1733.17,2996.61,1549.11,157.20,1382.60,2945.72,4845.63,3726.48,1359.04,4943.85
toughsat_26bits_1,SATISFIABLE,FAILED,FAILED,FAILED,4463.04,FAILED,2801.07,1395.72,FAILED,778.55,1156.30,564.03,FAILED,FAILED,FAILED,1710.01,2139.78,1754.25,138.54,4881.48,FAILED,1718.16,FAILED,1175.19,FAILED
toughsat_26bits_2,SATISFIABLE,FAILED,FAILED,FAILED,FAILED,FAILED,4216.19,2429.96,FAILED,792.05,4396.33,622.31,FAILED,3731.29,808.34,3254.71,1724.92,1749.39,744.98,FAILED,3878.89,FAILED,4038.23,3018.54,FAILED
toughsat_26bits_3,SATISFIABLE,4198.10,FAILED,FAILED,FAILED,FAILED,1323.77,3121.29,FAILED,796.13,860.43,823.31,FAILED,2033.72,72.74,2344.25,573.78,1333.33,1047.47,3307.71,1857.63,936.58,682.48,229.16,FAILED
toughsat_27bits_0,SATISFIABLE,FAILED,FAILED,FAILED,FAILED,FAILED,FAILED,3352.95,FAILED,1146.82,4726.45,708.30,FAILED,FAILED,2768.26,4947.27,1277.32,FAILED,310.85,FAILED,FAILED,FAILED,FAILED,1315.32,FAILED
toughsat_28bits_0,SATISFIABLE,FAILED,FAILED,FAILED,FAILED,FAILED,FAILED,FAILED,FAILED,FAILED,1654.96,FAILED,FAILED,FAILED,2645.49,FAILED,FAILED,FAILED,FAILED,FAILED,FAILED,FAILED,FAILED,FAILED,FAILED
toughsat_29bits_0,SATISFIABLE,FAILED,FAILED,FAILED,FAILED,FAILED,FAILED,FAILED,FAILED,886.23,FAILED,FAILED,FAILED,FAILED,FAILED,FAILED,FAILED,FAILED,FAILED,FAILED,FAILED,FAILED,FAILED,FAILED,FAILED
toughsat_30bits_0,UNKNOWN,FAILED,FAILED,FAILED,FAILED,FAILED,FAILED,FAILED,FAILED,FAILED,FAILED,FAILED,FAILED,FAILED,FAILED,FAILED,FAILED,FAILED,FAILED,FAILED,FAILED,FAILED,FAILED,FAILED,FAILED
tseitingrid7x160_shuffled-sc2016,UNSATISFIABLE,0.06,FAILED,FAILED,FAILED,0.02,FAILED,FAILED,FAILED,FAILED,FAILED,FAILED,FAILED,6.49,5.87,FAILED,FAILED,FAILED,FAILED,FAILED,FAILED,FAILED,FAILED,FAILED,FAILED
uniqinv47prop-sc2018,UNSATISFIABLE,FAILED,FAILED,FAILED,FAILED,FAILED,FAILED,FAILED,FAILED,3184.26,4132.04,4386.35,FAILED,FAILED,FAILED,FAILED,301.27,2831.04,2900.23,FAILED,FAILED,FAILED,FAILED,FAILED,FAILED
unsat-set-a-fclqcolor-20-13-14.sat05-1278.reshuffled-07-sc2007,UNKNOWN,FAILED,FAILED,FAILED,FAILED,FAILED,FAILED,FAILED,FAILED,FAILED,FAILED,FAILED,FAILED,FAILED,FAILED,FAILED,FAILED,FAILED,FAILED,FAILED,FAILED,FAILED,FAILED,FAILED,FAILED
vmpc_30-sc2007,SATISFIABLE,4.21,FAILED,FAILED,FAILED,1328.69,28.99,1383.02,FAILED,145.28,887.71,19.93,FAILED,1031.81,1096.19,16.33,330.62,285.02,23.21,FAILED,384.87,217.07,791.10,33.57,FAILED
vmpc_31-sc2007,SATISFIABLE,146.11,555.13,FAILED,FAILED,1880.34,FAILED,905.16,FAILED,FAILED,FAILED,60.14,FAILED,FAILED,19.71,1132.37,276.19,121.04,1988.17,FAILED,1839.04,FAILED,FAILED,FAILED,FAILED
vmpc_34.shuffled-as.sat05-1958-sc2005,SATISFIABLE,4678.16,FAILED,FAILED,FAILED,FAILED,1815.60,FAILED,FAILED,FAILED,1862.35,2099.42,FAILED,FAILED,FAILED,91.48,1598.10,FAILED,626.79,FAILED,8.67,FAILED,52.79,FAILED,FAILED
vmpc_36.renamed-as.sat05-1922-sc2005,SATISFIABLE,3383.39,FAILED,FAILED,FAILED,FAILED,FAILED,FAILED,FAILED,FAILED,FAILED,4347.36,FAILED,FAILED,FAILED,FAILED,FAILED,FAILED,FAILED,FAILED,FAILED,FAILED,FAILED,FAILED,FAILED
x2_128.shuffled-as.sat03-1598-sc2002,UNSATISFIABLE,FAILED,FAILED,FAILED,FAILED,0.01,FAILED,FAILED,FAILED,FAILED,FAILED,FAILED,FAILED,0.65,0.72,FAILED,FAILED,FAILED,FAILED,FAILED,FAILED,FAILED,FAILED,FAILED,FAILED
